Algorithm,TestFile,FileSizeBytes,FileSizeMB,ChunkSize,CompressionRatio,CompThroughputGBs,DecompThroughputGBs,CompTimeMs,DecompTimeMs,TransferH2DMs,TransferD2HMs,TotalTimeMs,AvgChunkTimeMs,CompThroughputStdDev,DecompThroughputStdDev,CompTimeStdDevMs,DecompTimeStdDevMs,NodeName,GPU,GPUArch,EnvLabel,Iterations,Warmup,Timestamp,Mode,ZfpParam,AllocMs,MemcpyH2HMs,PeakPinnedBytes,AdaptiveWindowBytes,AdaptiveNumWindows,MaxAbsDiff,RMSE,PSNR,MaxRelErr,AmplitudeRange,Campaign
cascaded,medium_binary_100.bin,104857600,100.0,65536,2.56,68.80,92.91,1.524,1.129,4.253,1.660,7.437,0.000953,9.9262,14.3868,0.3416,0.2544,anon-host,AMD Radeon RX 7900 XT,gfx1100,RX7900XT,30,5,20260526_213025,adaptive,,16.870,6.029,67108864,67108864,2,,,,,,lunaris_FULL_CHUNKOPT_20260526_213025
cascaded,medium_binary_100.bin,104857600,100.0,65536,2.56,75.94,103.03,1.381,1.018,14.994,5.852,22.227,0.000863,0.4706,2.4251,0.0087,0.0253,anon-host,AMD Radeon RX 7900 XT,gfx1100,RX7900XT,30,5,20260526_213025,baseline,,0.000,0.000,0,0,0,,,,,,lunaris_FULL_CHUNKOPT_20260526_213025
cascaded,medium_binary_100.bin,104857600,100.0,65536,2.56,70.57,95.08,1.486,1.103,4.045,1.579,7.109,0.000929,8.5605,12.6969,0.2776,0.2213,anon-host,AMD Radeon RX 7900 XT,gfx1100,RX7900XT,30,5,20260526_213025,pinned,,25.220,9.042,104857600,0,0,,,,,,lunaris_FULL_CHUNKOPT_20260526_213025
lz4,medium_binary_100.bin,104857600,100.0,65536,2.98,20.62,161.02,5.086,0.651,4.281,1.438,10.804,0.000397,0.5941,0.5623,0.1645,0.0023,anon-host,AMD Radeon RX 7900 XT,gfx1100,RX7900XT,30,5,20260526_213025,adaptive,,16.766,6.106,67108864,67108864,2,,,,,,lunaris_FULL_CHUNKOPT_20260526_213025
lz4,medium_binary_100.bin,104857600,100.0,65536,2.98,20.81,160.59,5.040,0.653,51.129,17.170,73.338,0.000394,1.8241,1.0202,0.3342,0.0042,anon-host,AMD Radeon RX 7900 XT,gfx1100,RX7900XT,30,5,20260526_213025,baseline,,0.000,0.000,0,0,0,,,,,,lunaris_FULL_CHUNKOPT_20260526_213025
lz4,medium_binary_100.bin,104857600,100.0,65536,2.98,20.70,161.30,5.066,0.650,4.433,1.489,10.988,0.000396,0.5213,0.4651,0.1264,0.0019,anon-host,AMD Radeon RX 7900 XT,gfx1100,RX7900XT,30,5,20260526_213025,pinned,,25.770,9.591,104857600,0,0,,,,,,lunaris_FULL_CHUNKOPT_20260526_213025
snappy,medium_binary_100.bin,104857600,100.0,65536,2.26,22.06,65.11,4.752,1.611,4.230,1.874,10.856,0.000743,1.9044,6.4006,0.5471,0.1976,anon-host,AMD Radeon RX 7900 XT,gfx1100,RX7900XT,30,5,20260526_213025,adaptive,,16.607,5.949,67108864,67108864,2,,,,,,lunaris_FULL_CHUNKOPT_20260526_213025
snappy,medium_binary_100.bin,104857600,100.0,65536,2.26,23.48,69.89,4.465,1.500,28.583,12.661,45.709,0.000698,0.8012,0.7900,0.1320,0.0171,anon-host,AMD Radeon RX 7900 XT,gfx1100,RX7900XT,30,5,20260526_213025,baseline,,0.000,0.000,0,0,0,,,,,,lunaris_FULL_CHUNKOPT_20260526_213025
snappy,medium_binary_100.bin,104857600,100.0,65536,2.26,22.49,66.05,4.663,1.588,4.159,1.842,10.664,0.000729,1.2637,5.4702,0.3039,0.1665,anon-host,AMD Radeon RX 7900 XT,gfx1100,RX7900XT,30,5,20260526_213025,pinned,,26.336,9.668,104857600,0,0,,,,,,lunaris_FULL_CHUNKOPT_20260526_213025
cascaded,small_binary_10.bin,10485760,10.0,65536,2.56,37.53,53.01,0.279,0.198,0.574,0.224,1.077,0.001746,3.1933,4.1139,0.0262,0.0167,anon-host,AMD Radeon RX 7900 XT,gfx1100,RX7900XT,30,5,20260526_213025,adaptive,,2.501,0.594,10485760,10485760,1,,,,,,lunaris_FULL_CHUNKOPT_20260526_213025
cascaded,small_binary_10.bin,10485760,10.0,65536,2.56,40.09,56.34,0.262,0.186,1.777,0.693,2.731,0.001635,0.7128,0.8928,0.0048,0.0030,anon-host,AMD Radeon RX 7900 XT,gfx1100,RX7900XT,30,5,20260526_213025,baseline,,0.000,0.000,0,0,0,,,,,,lunaris_FULL_CHUNKOPT_20260526_213025
cascaded,small_binary_10.bin,10485760,10.0,65536,2.56,38.12,53.61,0.275,0.196,0.557,0.218,1.050,0.001719,2.7664,3.5478,0.0217,0.0141,anon-host,AMD Radeon RX 7900 XT,gfx1100,RX7900XT,30,5,20260526_213025,pinned,,2.347,0.418,10485760,0,0,,,,,,lunaris_FULL_CHUNKOPT_20260526_213025
lz4,small_binary_10.bin,10485760,10.0,65536,2.98,24.73,184.40,0.424,0.057,0.644,0.216,1.285,0.000331,0.3379,5.5662,0.0058,0.0020,anon-host,AMD Radeon RX 7900 XT,gfx1100,RX7900XT,30,5,20260526_213025,adaptive,,2.537,0.680,10485760,10485760,1,,,,,,lunaris_FULL_CHUNKOPT_20260526_213025
lz4,small_binary_10.bin,10485760,10.0,65536,2.98,26.35,203.32,0.398,0.052,5.223,1.754,7.375,0.000311,0.3617,5.6725,0.0054,0.0014,anon-host,AMD Radeon RX 7900 XT,gfx1100,RX7900XT,30,5,20260526_213025,baseline,,0.000,0.000,0,0,0,,,,,,lunaris_FULL_CHUNKOPT_20260526_213025
lz4,small_binary_10.bin,10485760,10.0,65536,2.98,24.86,185.99,0.422,0.056,0.561,0.188,1.171,0.000330,0.2994,2.1077,0.0051,0.0006,anon-host,AMD Radeon RX 7900 XT,gfx1100,RX7900XT,30,5,20260526_213025,pinned,,2.452,0.482,10485760,0,0,,,,,,lunaris_FULL_CHUNKOPT_20260526_213025
snappy,small_binary_10.bin,10485760,10.0,65536,2.26,17.88,76.42,0.587,0.137,0.548,0.242,1.377,0.000917,1.1891,4.2707,0.0410,0.0082,anon-host,AMD Radeon RX 7900 XT,gfx1100,RX7900XT,30,5,20260526_213025,adaptive,,2.641,0.672,10485760,10485760,1,,,,,,lunaris_FULL_CHUNKOPT_20260526_213025
snappy,small_binary_10.bin,10485760,10.0,65536,2.26,18.91,79.72,0.555,0.132,3.130,1.385,5.070,0.000867,0.3316,0.5044,0.0096,0.0008,anon-host,AMD Radeon RX 7900 XT,gfx1100,RX7900XT,30,5,20260526_213025,baseline,,0.000,0.000,0,0,0,,,,,,lunaris_FULL_CHUNKOPT_20260526_213025
snappy,small_binary_10.bin,10485760,10.0,65536,2.26,18.67,79.57,0.562,0.132,0.632,0.280,1.473,0.000877,1.0880,3.2517,0.0351,0.0057,anon-host,AMD Radeon RX 7900 XT,gfx1100,RX7900XT,30,5,20260526_213025,pinned,,2.362,0.490,10485760,0,0,,,,,,lunaris_FULL_CHUNKOPT_20260526_213025
cascaded,large_binary_1024.bin,1073741824,1024.0,65536,2.56,85.54,68.12,12.553,15.763,38.815,15.148,66.516,0.000766,0.5263,0.3705,0.0785,0.0853,anon-host,AMD Radeon RX 7900 XT,gfx1100,RX7900XT,30,5,20260526_213025,adaptive,,16.993,62.662,67108864,67108864,16,,,,,,lunaris_FULL_CHUNKOPT_20260526_213025
cascaded,large_binary_1024.bin,1073741824,1024.0,65536,2.56,85.38,68.08,12.575,15.771,154.311,60.221,227.107,0.000768,0.3385,0.4942,0.0499,0.1138,anon-host,AMD Radeon RX 7900 XT,gfx1100,RX7900XT,30,5,20260526_213025,baseline,,0.000,0.000,0,0,0,,,,,,lunaris_FULL_CHUNKOPT_20260526_213025
cascaded,large_binary_1024.bin,1073741824,1024.0,65536,2.56,85.52,68.11,12.555,15.764,39.625,15.464,67.644,0.000766,0.3143,0.5083,0.0462,0.1175,anon-host,AMD Radeon RX 7900 XT,gfx1100,RX7900XT,30,5,20260526_213025,pinned,,252.729,96.697,1073741824,0,0,,,,,,lunaris_FULL_CHUNKOPT_20260526_213025
lz4,large_binary_1024.bin,1073741824,1024.0,65536,2.98,31.73,176.47,33.837,6.085,38.861,13.050,85.748,0.000258,0.2543,0.2400,0.2721,0.0083,anon-host,AMD Radeon RX 7900 XT,gfx1100,RX7900XT,30,5,20260526_213025,adaptive,,16.710,65.975,67108864,67108864,16,,,,,,lunaris_FULL_CHUNKOPT_20260526_213025
lz4,large_binary_1024.bin,1073741824,1024.0,65536,2.98,31.67,176.36,33.901,6.088,566.868,190.363,791.132,0.000259,0.2440,0.2405,0.2622,0.0083,anon-host,AMD Radeon RX 7900 XT,gfx1100,RX7900XT,30,5,20260526_213025,baseline,,0.000,0.000,0,0,0,,,,,,lunaris_FULL_CHUNKOPT_20260526_213025
lz4,large_binary_1024.bin,1073741824,1024.0,65536,2.98,31.79,176.52,33.776,6.083,39.619,13.304,86.699,0.000258,0.2655,0.2426,0.2838,0.0084,anon-host,AMD Radeon RX 7900 XT,gfx1100,RX7900XT,30,5,20260526_213025,pinned,,250.971,94.513,1073741824,0,0,,,,,,lunaris_FULL_CHUNKOPT_20260526_213025
snappy,large_binary_1024.bin,1073741824,1024.0,65536,2.26,29.02,62.16,37.001,17.273,39.049,17.291,93.341,0.000565,0.0770,0.3181,0.0986,0.0883,anon-host,AMD Radeon RX 7900 XT,gfx1100,RX7900XT,30,5,20260526_213025,adaptive,,16.798,61.484,67108864,67108864,16,,,,,,lunaris_FULL_CHUNKOPT_20260526_213025
snappy,large_binary_1024.bin,1073741824,1024.0,65536,2.26,29.03,62.27,36.985,17.243,307.579,136.194,480.757,0.000564,0.0730,0.3495,0.0933,0.0968,anon-host,AMD Radeon RX 7900 XT,gfx1100,RX7900XT,30,5,20260526_213025,baseline,,0.000,0.000,0,0,0,,,,,,lunaris_FULL_CHUNKOPT_20260526_213025
snappy,large_binary_1024.bin,1073741824,1024.0,65536,2.26,29.05,62.27,36.957,17.244,38.977,17.259,93.192,0.000564,0.0630,0.3122,0.0802,0.0866,anon-host,AMD Radeon RX 7900 XT,gfx1100,RX7900XT,30,5,20260526_213025,pinned,,253.162,100.613,1073741824,0,0,,,,,,lunaris_FULL_CHUNKOPT_20260526_213025
cascaded,xlarge_binary_4096.bin,4294967296,4096.0,65536,2.56,82.69,102.25,51.940,42.003,157.504,61.467,270.911,0.000793,0.2510,0.5035,0.1567,0.2080,anon-host,AMD Radeon RX 7900 XT,gfx1100,RX7900XT,30,5,20260526_213025,adaptive,,18.509,249.270,67108864,67108864,64,,,,,,lunaris_FULL_CHUNKOPT_20260526_213025
cascaded,xlarge_binary_4096.bin,4294967296,4096.0,65536,2.56,82.45,102.18,52.092,42.034,639.671,249.637,941.401,0.000795,0.2360,0.3698,0.1494,0.1523,anon-host,AMD Radeon RX 7900 XT,gfx1100,RX7900XT,30,5,20260526_213025,baseline,,0.000,0.000,0,0,0,,,,,,lunaris_FULL_CHUNKOPT_20260526_213025
cascaded,xlarge_binary_4096.bin,4294967296,4096.0,65536,2.56,82.62,102.27,51.984,41.997,156.874,61.221,270.079,0.000793,0.1644,0.4272,0.1036,0.1753,anon-host,AMD Radeon RX 7900 XT,gfx1100,RX7900XT,30,5,20260526_213025,pinned,,962.949,380.011,4294967296,0,0,,,,,,lunaris_FULL_CHUNKOPT_20260526_213025
lz4,xlarge_binary_4096.bin,4294967296,4096.0,65536,2.98,33.12,216.66,129.668,19.823,155.003,52.052,336.723,0.000247,0.1210,0.8224,0.4765,0.0753,anon-host,AMD Radeon RX 7900 XT,gfx1100,RX7900XT,30,5,20260526_213025,adaptive,,17.753,246.687,67108864,67108864,64,,,,,,lunaris_FULL_CHUNKOPT_20260526_213025
lz4,xlarge_binary_4096.bin,4294967296,4096.0,65536,2.98,33.11,216.75,129.724,19.815,2321.677,779.654,3231.055,0.000247,0.1246,0.6073,0.4915,0.0556,anon-host,AMD Radeon RX 7900 XT,gfx1100,RX7900XT,30,5,20260526_213025,baseline,,0.000,0.000,0,0,0,,,,,,lunaris_FULL_CHUNKOPT_20260526_213025
lz4,xlarge_binary_4096.bin,4294967296,4096.0,65536,2.98,33.09,216.89,129.787,19.803,426.437,143.204,699.428,0.000248,0.1308,0.7885,0.5164,0.0722,anon-host,AMD Radeon RX 7900 XT,gfx1100,RX7900XT,30,5,20260526_213025,pinned,,968.844,368.669,4294967296,0,0,,,,,,lunaris_FULL_CHUNKOPT_20260526_213025
snappy,xlarge_binary_4096.bin,4294967296,4096.0,65536,2.26,29.24,86.95,146.875,49.395,154.950,68.608,370.433,0.000560,0.0180,0.1867,0.0903,0.1062,anon-host,AMD Radeon RX 7900 XT,gfx1100,RX7900XT,30,5,20260526_213025,adaptive,,19.683,244.756,67108864,67108864,64,,,,,,lunaris_FULL_CHUNKOPT_20260526_213025
snappy,xlarge_binary_4096.bin,4294967296,4096.0,65536,2.26,29.24,86.98,146.908,49.379,1319.942,584.435,2051.285,0.000560,0.0184,0.2269,0.0923,0.1291,anon-host,AMD Radeon RX 7900 XT,gfx1100,RX7900XT,30,5,20260526_213025,baseline,,0.000,0.000,0,0,0,,,,,,lunaris_FULL_CHUNKOPT_20260526_213025
snappy,xlarge_binary_4096.bin,4294967296,4096.0,65536,2.26,29.24,86.92,146.874,49.412,157.949,69.936,374.758,0.000560,0.0170,0.1856,0.0855,0.1055,anon-host,AMD Radeon RX 7900 XT,gfx1100,RX7900XT,30,5,20260526_213025,pinned,,952.140,385.533,4294967296,0,0,,,,,,lunaris_FULL_CHUNKOPT_20260526_213025
cascaded,medium_random_100.bin,104857600,100.0,65536,1.00,48.00,321.59,2.184,0.326,4.177,4.178,10.539,0.001365,7.3439,14.1729,0.4997,0.0165,anon-host,AMD Radeon RX 7900 XT,gfx1100,RX7900XT,30,5,20260526_213025,adaptive,,16.494,7.173,67108864,67108864,2,,,,,,lunaris_FULL_CHUNKOPT_20260526_213025
cascaded,medium_random_100.bin,104857600,100.0,65536,1.00,53.87,328.62,1.947,0.319,15.249,15.251,32.447,0.001217,0.4518,1.7608,0.0166,0.0017,anon-host,AMD Radeon RX 7900 XT,gfx1100,RX7900XT,30,5,20260526_213025,baseline,,0.000,0.000,0,0,0,,,,,,lunaris_FULL_CHUNKOPT_20260526_213025
cascaded,medium_random_100.bin,104857600,100.0,65536,1.00,50.20,325.11,2.089,0.323,4.290,4.291,10.670,0.001305,5.9883,9.4285,0.3764,0.0105,anon-host,AMD Radeon RX 7900 XT,gfx1100,RX7900XT,30,5,20260526_213025,pinned,,24.980,9.081,104857600,0,0,,,,,,lunaris_FULL_CHUNKOPT_20260526_213025
lz4,medium_random_100.bin,104857600,100.0,65536,1.00,9.03,165.98,11.617,0.632,4.332,4.350,20.299,0.000908,0.2746,1.1970,0.3639,0.0046,anon-host,AMD Radeon RX 7900 XT,gfx1100,RX7900XT,30,5,20260526_213025,adaptive,,16.720,6.067,67108864,67108864,2,,,,,,lunaris_FULL_CHUNKOPT_20260526_213025
lz4,medium_random_100.bin,104857600,100.0,65536,1.00,9.00,165.72,11.645,0.633,51.073,51.285,114.003,0.000910,0.4504,2.6024,0.5642,0.0093,anon-host,AMD Radeon RX 7900 XT,gfx1100,RX7900XT,30,5,20260526_213025,baseline,,0.000,0.000,0,0,0,,,,,,lunaris_FULL_CHUNKOPT_20260526_213025
lz4,medium_random_100.bin,104857600,100.0,65536,1.00,9.06,166.12,11.571,0.631,4.140,4.157,19.867,0.000904,0.1437,0.4315,0.1769,0.0016,anon-host,AMD Radeon RX 7900 XT,gfx1100,RX7900XT,30,5,20260526_213025,pinned,,24.831,9.439,104857600,0,0,,,,,,lunaris_FULL_CHUNKOPT_20260526_213025
snappy,medium_random_100.bin,104857600,100.0,65536,0.99,22.52,78.60,4.656,1.334,4.160,4.193,13.009,0.000728,1.8962,6.9051,0.5190,0.1374,anon-host,AMD Radeon RX 7900 XT,gfx1100,RX7900XT,30,5,20260526_213025,adaptive,,16.789,5.997,67108864,67108864,2,,,,,,lunaris_FULL_CHUNKOPT_20260526_213025
snappy,medium_random_100.bin,104857600,100.0,65536,0.99,23.93,84.57,4.381,1.240,28.456,28.684,61.522,0.000685,0.9888,1.2703,0.1504,0.0184,anon-host,AMD Radeon RX 7900 XT,gfx1100,RX7900XT,30,5,20260526_213025,baseline,,0.000,0.000,0,0,0,,,,,,lunaris_FULL_CHUNKOPT_20260526_213025
snappy,medium_random_100.bin,104857600,100.0,65536,0.99,22.82,79.96,4.594,1.311,4.190,4.223,13.007,0.000718,1.3219,5.7843,0.3146,0.1135,anon-host,AMD Radeon RX 7900 XT,gfx1100,RX7900XT,30,5,20260526_213025,pinned,,25.041,9.340,104857600,0,0,,,,,,lunaris_FULL_CHUNKOPT_20260526_213025
cascaded,small_random_10.bin,10485760,10.0,65536,1.00,26.78,186.21,0.392,0.056,0.569,0.569,1.530,0.002448,1.9323,4.6224,0.0306,0.0014,anon-host,AMD Radeon RX 7900 XT,gfx1100,RX7900XT,30,5,20260526_213025,adaptive,,2.382,0.397,10485760,10485760,1,,,,,,lunaris_FULL_CHUNKOPT_20260526_213025
cascaded,small_random_10.bin,10485760,10.0,65536,1.00,29.02,216.86,0.361,0.048,1.653,1.654,3.668,0.002259,0.4987,1.8730,0.0064,0.0004,anon-host,AMD Radeon RX 7900 XT,gfx1100,RX7900XT,30,5,20260526_213025,baseline,,0.000,0.000,0,0,0,,,,,,lunaris_FULL_CHUNKOPT_20260526_213025
cascaded,small_random_10.bin,10485760,10.0,65536,1.00,27.01,186.49,0.388,0.056,0.577,0.577,1.542,0.002427,1.7065,4.0412,0.0268,0.0013,anon-host,AMD Radeon RX 7900 XT,gfx1100,RX7900XT,30,5,20260526_213025,pinned,,2.242,0.440,10485760,0,0,,,,,,lunaris_FULL_CHUNKOPT_20260526_213025
lz4,small_random_10.bin,10485760,10.0,65536,1.00,9.65,198.84,1.086,0.053,0.636,0.639,2.362,0.000849,0.2030,9.1877,0.0231,0.0025,anon-host,AMD Radeon RX 7900 XT,gfx1100,RX7900XT,30,5,20260526_213025,adaptive,,2.530,0.689,10485760,10485760,1,,,,,,lunaris_FULL_CHUNKOPT_20260526_213025
lz4,small_random_10.bin,10485760,10.0,65536,1.00,9.71,206.37,1.080,0.051,5.260,5.282,11.621,0.000844,0.1029,2.3329,0.0115,0.0006,anon-host,AMD Radeon RX 7900 XT,gfx1100,RX7900XT,30,5,20260526_213025,baseline,,0.000,0.000,0,0,0,,,,,,lunaris_FULL_CHUNKOPT_20260526_213025
lz4,small_random_10.bin,10485760,10.0,65536,1.00,9.64,200.05,1.088,0.052,0.635,0.638,2.361,0.000850,0.1729,7.8758,0.0197,0.0021,anon-host,AMD Radeon RX 7900 XT,gfx1100,RX7900XT,30,5,20260526_213025,pinned,,2.378,0.489,10485760,0,0,,,,,,lunaris_FULL_CHUNKOPT_20260526_213025
snappy,small_random_10.bin,10485760,10.0,65536,0.99,18.79,94.18,0.558,0.111,0.531,0.535,1.624,0.000872,1.2444,4.8101,0.0386,0.0059,anon-host,AMD Radeon RX 7900 XT,gfx1100,RX7900XT,30,5,20260526_213025,adaptive,,2.524,0.623,10485760,10485760,1,,,,,,lunaris_FULL_CHUNKOPT_20260526_213025
snappy,small_random_10.bin,10485760,10.0,65536,0.99,19.97,98.84,0.525,0.106,3.108,3.133,6.766,0.000820,0.1995,0.6089,0.0053,0.0007,anon-host,AMD Radeon RX 7900 XT,gfx1100,RX7900XT,30,5,20260526_213025,baseline,,0.000,0.000,0,0,0,,,,,,lunaris_FULL_CHUNKOPT_20260526_213025
snappy,small_random_10.bin,10485760,10.0,65536,0.99,18.97,95.65,0.553,0.110,0.572,0.577,1.702,0.000864,1.0971,3.9097,0.0333,0.0047,anon-host,AMD Radeon RX 7900 XT,gfx1100,RX7900XT,30,5,20260526_213025,pinned,,2.433,0.462,10485760,0,0,,,,,,lunaris_FULL_CHUNKOPT_20260526_213025
cascaded,large_random_1024.bin,1073741824,1024.0,65536,1.00,58.97,279.28,18.208,3.845,39.760,39.765,97.733,0.001111,0.2436,2.4184,0.0755,0.0337,anon-host,AMD Radeon RX 7900 XT,gfx1100,RX7900XT,30,5,20260526_213025,adaptive,,16.905,63.037,67108864,67108864,16,,,,,,lunaris_FULL_CHUNKOPT_20260526_213025
cascaded,large_random_1024.bin,1073741824,1024.0,65536,1.00,58.89,279.71,18.233,3.839,154.522,154.541,327.296,0.001113,0.2206,1.9830,0.0682,0.0271,anon-host,AMD Radeon RX 7900 XT,gfx1100,RX7900XT,30,5,20260526_213025,baseline,,0.000,0.000,0,0,0,,,,,,lunaris_FULL_CHUNKOPT_20260526_213025
cascaded,large_random_1024.bin,1073741824,1024.0,65536,1.00,59.05,280.00,18.185,3.835,38.992,38.997,96.173,0.001110,0.2121,2.2673,0.0652,0.0309,anon-host,AMD Radeon RX 7900 XT,gfx1100,RX7900XT,30,5,20260526_213025,pinned,,254.468,95.786,1073741824,0,0,,,,,,lunaris_FULL_CHUNKOPT_20260526_213025
lz4,large_random_1024.bin,1073741824,1024.0,65536,1.00,11.44,179.25,93.844,5.990,39.553,39.718,173.114,0.000716,0.0405,0.2369,0.3320,0.0079,anon-host,AMD Radeon RX 7900 XT,gfx1100,RX7900XT,30,5,20260526_213025,adaptive,,16.724,62.575,67108864,67108864,16,,,,,,lunaris_FULL_CHUNKOPT_20260526_213025
lz4,large_random_1024.bin,1073741824,1024.0,65536,1.00,11.46,179.29,93.693,5.989,567.461,569.816,1230.970,0.000715,0.0317,0.3748,0.2590,0.0125,anon-host,AMD Radeon RX 7900 XT,gfx1100,RX7900XT,30,5,20260526_213025,baseline,,0.000,0.000,0,0,0,,,,,,lunaris_FULL_CHUNKOPT_20260526_213025
lz4,large_random_1024.bin,1073741824,1024.0,65536,1.00,11.48,179.11,93.505,5.995,39.068,39.230,171.803,0.000713,0.0298,0.2793,0.2426,0.0093,anon-host,AMD Radeon RX 7900 XT,gfx1100,RX7900XT,30,5,20260526_213025,pinned,,251.913,100.703,1073741824,0,0,,,,,,lunaris_FULL_CHUNKOPT_20260526_213025
snappy,large_random_1024.bin,1073741824,1024.0,65536,0.99,30.35,75.00,35.381,14.317,39.590,39.907,114.878,0.000540,0.0790,0.4143,0.0929,0.0791,anon-host,AMD Radeon RX 7900 XT,gfx1100,RX7900XT,30,5,20260526_213025,adaptive,,17.688,63.216,67108864,67108864,16,,,,,,lunaris_FULL_CHUNKOPT_20260526_213025
snappy,large_random_1024.bin,1073741824,1024.0,65536,0.99,30.28,75.17,35.458,14.284,307.140,309.596,652.194,0.000541,0.1123,0.4032,0.1331,0.0769,anon-host,AMD Radeon RX 7900 XT,gfx1100,RX7900XT,30,5,20260526_213025,baseline,,0.000,0.000,0,0,0,,,,,,lunaris_FULL_CHUNKOPT_20260526_213025
snappy,large_random_1024.bin,1073741824,1024.0,65536,0.99,30.25,75.09,35.501,14.300,38.848,39.158,113.507,0.000542,0.0651,0.4112,0.0764,0.0786,anon-host,AMD Radeon RX 7900 XT,gfx1100,RX7900XT,30,5,20260526_213025,pinned,,253.439,97.915,1073741824,0,0,,,,,,lunaris_FULL_CHUNKOPT_20260526_213025
cascaded,xlarge_random_4096.bin,4294967296,4096.0,65536,1.00,57.80,276.74,74.306,15.520,157.269,157.288,388.863,0.001134,0.1479,1.0826,0.1900,0.0607,anon-host,AMD Radeon RX 7900 XT,gfx1100,RX7900XT,30,5,20260526_213025,adaptive,,18.983,246.508,67108864,67108864,64,,,,,,lunaris_FULL_CHUNKOPT_20260526_213025
cascaded,xlarge_random_4096.bin,4294967296,4096.0,65536,1.00,57.60,276.69,74.572,15.523,646.281,646.360,1367.212,0.001138,0.1096,0.8323,0.1421,0.0466,anon-host,AMD Radeon RX 7900 XT,gfx1100,RX7900XT,30,5,20260526_213025,baseline,,0.000,0.000,0,0,0,,,,,,lunaris_FULL_CHUNKOPT_20260526_213025
cascaded,xlarge_random_4096.bin,4294967296,4096.0,65536,1.00,57.67,276.36,74.469,15.541,158.972,158.991,392.432,0.001136,0.1128,1.0865,0.1459,0.0608,anon-host,AMD Radeon RX 7900 XT,gfx1100,RX7900XT,30,5,20260526_213025,pinned,,956.932,374.297,4294967296,0,0,,,,,,lunaris_FULL_CHUNKOPT_20260526_213025
lz4,xlarge_random_4096.bin,4294967296,4096.0,65536,1.00,10.00,208.32,429.491,20.617,157.277,157.930,744.698,0.000819,0.0373,0.4157,1.6027,0.0411,anon-host,AMD Radeon RX 7900 XT,gfx1100,RX7900XT,30,5,20260526_213025,adaptive,,16.399,246.589,67108864,67108864,64,,,,,,lunaris_FULL_CHUNKOPT_20260526_213025
lz4,xlarge_random_4096.bin,4294967296,4096.0,65536,1.00,10.01,208.43,429.015,20.607,2322.095,2331.731,5082.842,0.000818,0.0311,0.6298,1.3351,0.0624,anon-host,AMD Radeon RX 7900 XT,gfx1100,RX7900XT,30,5,20260526_213025,baseline,,0.000,0.000,0,0,0,,,,,,lunaris_FULL_CHUNKOPT_20260526_213025
lz4,xlarge_random_4096.bin,4294967296,4096.0,65536,1.00,10.00,208.48,429.388,20.602,157.338,157.991,744.717,0.000819,0.0502,0.5258,2.1749,0.0520,anon-host,AMD Radeon RX 7900 XT,gfx1100,RX7900XT,30,5,20260526_213025,pinned,,939.316,371.848,4294967296,0,0,,,,,,lunaris_FULL_CHUNKOPT_20260526_213025
snappy,xlarge_random_4096.bin,4294967296,4096.0,65536,0.99,30.54,105.43,140.652,40.739,157.947,159.209,457.808,0.000537,0.0190,0.2500,0.0875,0.0967,anon-host,AMD Radeon RX 7900 XT,gfx1100,RX7900XT,30,5,20260526_213025,adaptive,,19.138,248.561,67108864,67108864,64,,,,,,lunaris_FULL_CHUNKOPT_20260526_213025
snappy,xlarge_random_4096.bin,4294967296,4096.0,65536,0.99,30.53,105.16,140.662,40.842,1321.069,1331.632,2793.363,0.000537,0.0398,0.3456,0.1840,0.1342,anon-host,AMD Radeon RX 7900 XT,gfx1100,RX7900XT,30,5,20260526_213025,baseline,,0.000,0.000,0,0,0,,,,,,lunaris_FULL_CHUNKOPT_20260526_213025
snappy,xlarge_random_4096.bin,4294967296,4096.0,65536,0.99,30.54,105.25,140.655,40.807,426.340,429.749,996.744,0.000537,0.0255,0.3332,0.1177,0.1292,anon-host,AMD Radeon RX 7900 XT,gfx1100,RX7900XT,30,5,20260526_213025,pinned,,985.296,387.778,4294967296,0,0,,,,,,lunaris_FULL_CHUNKOPT_20260526_213025
cascaded,medium_TTI_100.bin,104857600,100.0,65536,1.04,51.04,178.27,2.055,0.588,4.145,3.976,10.176,0.001284,7.5536,19.9403,0.4696,0.0946,anon-host,AMD Radeon RX 7900 XT,gfx1100,RX7900XT,30,5,20260526_213025,adaptive,,16.370,5.895,67108864,67108864,2,,,,,,lunaris_FULL_CHUNKOPT_20260526_213025
cascaded,medium_TTI_100.bin,104857600,100.0,65536,1.04,56.48,190.94,1.856,0.549,14.822,14.219,30.897,0.001160,0.4771,3.9989,0.0161,0.0122,anon-host,AMD Radeon RX 7900 XT,gfx1100,RX7900XT,30,5,20260526_213025,baseline,,0.000,0.000,0,0,0,,,,,,lunaris_FULL_CHUNKOPT_20260526_213025
cascaded,medium_TTI_100.bin,104857600,100.0,65536,1.04,52.24,181.39,2.007,0.578,4.282,4.108,10.397,0.001254,6.4199,16.5936,0.3703,0.0718,anon-host,AMD Radeon RX 7900 XT,gfx1100,RX7900XT,30,5,20260526_213025,pinned,,25.261,9.134,104857600,0,0,,,,,,lunaris_FULL_CHUNKOPT_20260526_213025
lz4,medium_TTI_100.bin,104857600,100.0,65536,1.06,9.21,142.96,11.382,0.733,4.006,3.792,19.180,0.000889,0.1585,0.6284,0.2077,0.0032,anon-host,AMD Radeon RX 7900 XT,gfx1100,RX7900XT,30,5,20260526_213025,adaptive,,16.698,6.003,67108864,67108864,2,,,,,,lunaris_FULL_CHUNKOPT_20260526_213025
lz4,medium_TTI_100.bin,104857600,100.0,65536,1.06,9.29,143.16,11.289,0.732,51.168,48.436,110.894,0.000882,0.5106,0.9867,0.5814,0.0051,anon-host,AMD Radeon RX 7900 XT,gfx1100,RX7900XT,30,5,20260526_213025,baseline,,0.000,0.000,0,0,0,,,,,,lunaris_FULL_CHUNKOPT_20260526_213025
lz4,medium_TTI_100.bin,104857600,100.0,65536,1.06,9.25,143.29,11.330,0.732,4.071,3.854,19.255,0.000885,0.1941,0.6145,0.2394,0.0032,anon-host,AMD Radeon RX 7900 XT,gfx1100,RX7900XT,30,5,20260526_213025,pinned,,24.950,9.337,104857600,0,0,,,,,,lunaris_FULL_CHUNKOPT_20260526_213025
snappy,medium_TTI_100.bin,104857600,100.0,65536,1.05,22.13,75.46,4.738,1.390,4.205,4.002,12.945,0.000740,1.8896,6.7250,0.5355,0.1497,anon-host,AMD Radeon RX 7900 XT,gfx1100,RX7900XT,30,5,20260526_213025,adaptive,,16.882,5.938,67108864,67108864,2,,,,,,lunaris_FULL_CHUNKOPT_20260526_213025
snappy,medium_TTI_100.bin,104857600,100.0,65536,1.05,24.05,82.32,4.360,1.274,28.585,27.200,60.145,0.000681,0.6903,1.0629,0.1109,0.0165,anon-host,AMD Radeon RX 7900 XT,gfx1100,RX7900XT,30,5,20260526_213025,baseline,,0.000,0.000,0,0,0,,,,,,lunaris_FULL_CHUNKOPT_20260526_213025
snappy,medium_TTI_100.bin,104857600,100.0,65536,1.05,22.32,74.98,4.697,1.399,4.353,4.142,13.192,0.000734,1.3199,5.3595,0.3253,0.1197,anon-host,AMD Radeon RX 7900 XT,gfx1100,RX7900XT,30,5,20260526_213025,pinned,,24.759,9.346,104857600,0,0,,,,,,lunaris_FULL_CHUNKOPT_20260526_213025
zfp,medium_TTI_100.bin,104857600,100.0,65536,1.18,10.45,12.12,10.037,8.653,12.599,0.000,22.635,10.036643,0.0546,0.1692,0.0520,0.1192,anon-host,AMD Radeon RX 7900 XT,gfx1100,RX7900XT,30,5,20260526_213025,acc,1e12,,,,,,2.7057e-10,1.8958e-11,177.88,1.8219e-08,1.4852e-02,lunaris_FULL_CHUNKOPT_20260526_213025
zfp,medium_TTI_100.bin,104857600,100.0,65536,5.24,25.19,35.44,4.163,2.959,12.511,0.000,16.674,4.163028,0.2433,1.1926,0.0411,0.1101,anon-host,AMD Radeon RX 7900 XT,gfx1100,RX7900XT,30,5,20260526_213025,acc,1e3,,,,,,2.9350e-04,3.5141e-05,52.52,1.9762e-02,1.4852e-02,lunaris_FULL_CHUNKOPT_20260526_213025
zfp,medium_TTI_100.bin,104857600,100.0,65536,3.26,21.08,27.25,4.975,3.849,12.421,0.000,17.396,4.975228,0.1081,0.0860,0.0257,0.0122,anon-host,AMD Radeon RX 7900 XT,gfx1100,RX7900XT,30,5,20260526_213025,acc,1e4,,,,,,1.9785e-05,2.5184e-06,75.41,1.3322e-03,1.4852e-02,lunaris_FULL_CHUNKOPT_20260526_213025
zfp,medium_TTI_100.bin,104857600,100.0,65536,2.52,17.07,22.13,6.143,4.737,12.419,0.000,18.562,6.143425,0.0940,0.1082,0.0341,0.0235,anon-host,AMD Radeon RX 7900 XT,gfx1100,RX7900XT,30,5,20260526_213025,acc,1e5,,,,,,2.4706e-06,3.2536e-07,93.19,1.6635e-04,1.4852e-02,lunaris_FULL_CHUNKOPT_20260526_213025
zfp,medium_TTI_100.bin,104857600,100.0,65536,2.06,15.10,19.12,6.945,5.486,12.636,0.000,19.581,6.945354,0.1254,0.1828,0.0582,0.0543,anon-host,AMD Radeon RX 7900 XT,gfx1100,RX7900XT,30,5,20260526_213025,acc,1e6,,,,,,2.8685e-07,4.0799e-08,111.22,1.9314e-05,1.4852e-02,lunaris_FULL_CHUNKOPT_20260526_213025
zfp,medium_TTI_100.bin,104857600,100.0,65536,1.27,10.84,13.00,9.674,8.066,12.713,0.000,22.387,9.673556,0.1357,0.0422,0.1261,0.0263,anon-host,AMD Radeon RX 7900 XT,gfx1100,RX7900XT,30,5,20260526_213025,acc,1e9,,,,,,4.6566e-10,4.4528e-11,170.46,3.1354e-08,1.4852e-02,lunaris_FULL_CHUNKOPT_20260526_213025
zfp,medium_TTI_100.bin,104857600,100.0,65536,2.71,18.42,22.83,5.692,4.594,12.442,0.000,18.134,5.691871,0.0589,0.1044,0.0182,0.0211,anon-host,AMD Radeon RX 7900 XT,gfx1100,RX7900XT,30,5,20260526_213025,prec,16,,,,,,1.2264e-05,8.7901e-07,84.56,8.2575e-04,1.4852e-02,lunaris_FULL_CHUNKOPT_20260526_213025
zfp,medium_TTI_100.bin,104857600,100.0,65536,1.64,13.75,15.96,7.623,6.570,12.741,0.000,20.364,7.623410,0.1208,0.1047,0.0674,0.0433,anon-host,AMD Radeon RX 7900 XT,gfx1100,RX7900XT,30,5,20260526_213025,prec,24,,,,,,4.4635e-08,3.4686e-09,132.63,3.0054e-06,1.4852e-02,lunaris_FULL_CHUNKOPT_20260526_213025
zfp,medium_TTI_100.bin,104857600,100.0,65536,7.31,30.42,40.63,3.446,2.581,12.223,0.000,15.669,3.446442,1.7774,3.3517,0.2445,0.2837,anon-host,AMD Radeon RX 7900 XT,gfx1100,RX7900XT,30,5,20260526_213025,prec,8,,,,,,2.5559e-03,1.6158e-04,39.27,1.7210e-01,1.4852e-02,lunaris_FULL_CHUNKOPT_20260526_213025
zfp,medium_TTI_100.bin,104857600,100.0,65536,2.00,18.64,19.78,5.625,5.301,12.431,0.000,18.056,5.625075,0.3171,0.1894,0.1007,0.0519,anon-host,AMD Radeon RX 7900 XT,gfx1100,RX7900XT,30,5,20260526_213025,rate,16,,,,,,7.2585e-07,3.5087e-08,112.53,4.8873e-05,1.4852e-02,lunaris_FULL_CHUNKOPT_20260526_213025
zfp,medium_TTI_100.bin,104857600,100.0,65536,1.33,13.86,14.53,7.563,7.218,12.248,0.000,19.811,7.563173,0.0634,0.0339,0.0348,0.0169,anon-host,AMD Radeon RX 7900 XT,gfx1100,RX7900XT,30,5,20260526_213025,rate,24,,,,,,2.9104e-09,1.3986e-10,160.52,1.9596e-07,1.4852e-02,lunaris_FULL_CHUNKOPT_20260526_213025
zfp,medium_TTI_100.bin,104857600,100.0,65536,8.00,45.90,54.19,2.285,1.935,12.455,0.000,14.739,2.284707,1.8006,1.6354,0.1092,0.0685,anon-host,AMD Radeon RX 7900 XT,gfx1100,RX7900XT,30,5,20260526_213025,rate,4,,,,,,2.4137e-03,1.1728e-04,42.05,1.6252e-01,1.4852e-02,lunaris_FULL_CHUNKOPT_20260526_213025
zfp,medium_TTI_100.bin,104857600,100.0,65536,4.00,31.49,34.55,3.330,3.035,12.336,0.000,15.667,3.330361,0.9592,0.8152,0.1131,0.0805,anon-host,AMD Radeon RX 7900 XT,gfx1100,RX7900XT,30,5,20260526_213025,rate,8,,,,,,1.8413e-04,8.1958e-06,65.16,1.2398e-02,1.4852e-02,lunaris_FULL_CHUNKOPT_20260526_213025
cascaded,small_TTI_10.bin,10485760,10.0,65536,1.61,28.37,23.81,0.370,0.440,0.551,0.342,1.262,0.002310,2.2421,1.8026,0.0335,0.0384,anon-host,AMD Radeon RX 7900 XT,gfx1100,RX7900XT,30,5,20260526_213025,adaptive,,2.482,0.659,10485760,10485760,1,,,,,,lunaris_FULL_CHUNKOPT_20260526_213025
cascaded,small_TTI_10.bin,10485760,10.0,65536,1.61,29.78,24.91,0.352,0.421,1.705,1.056,3.114,0.002201,0.4139,0.2458,0.0051,0.0043,anon-host,AMD Radeon RX 7900 XT,gfx1100,RX7900XT,30,5,20260526_213025,baseline,,0.000,0.000,0,0,0,,,,,,lunaris_FULL_CHUNKOPT_20260526_213025
cascaded,small_TTI_10.bin,10485760,10.0,65536,1.61,28.63,24.03,0.366,0.436,0.574,0.356,1.296,0.002289,2.0586,1.5996,0.0303,0.0330,anon-host,AMD Radeon RX 7900 XT,gfx1100,RX7900XT,30,5,20260526_213025,pinned,,2.412,0.427,10485760,0,0,,,,,,lunaris_FULL_CHUNKOPT_20260526_213025
lz4,small_TTI_10.bin,10485760,10.0,65536,1.65,11.94,153.45,0.878,0.068,0.643,0.390,1.911,0.000686,0.6657,8.8671,0.0504,0.0041,anon-host,AMD Radeon RX 7900 XT,gfx1100,RX7900XT,30,5,20260526_213025,adaptive,,2.592,0.643,10485760,10485760,1,,,,,,lunaris_FULL_CHUNKOPT_20260526_213025
lz4,small_TTI_10.bin,10485760,10.0,65536,1.65,12.27,155.39,0.855,0.067,5.316,3.224,9.396,0.000668,0.3622,4.5351,0.0241,0.0020,anon-host,AMD Radeon RX 7900 XT,gfx1100,RX7900XT,30,5,20260526_213025,baseline,,0.000,0.000,0,0,0,,,,,,lunaris_FULL_CHUNKOPT_20260526_213025
lz4,small_TTI_10.bin,10485760,10.0,65536,1.65,11.91,152.36,0.881,0.069,0.568,0.344,1.793,0.000688,0.5900,6.6120,0.0446,0.0030,anon-host,AMD Radeon RX 7900 XT,gfx1100,RX7900XT,30,5,20260526_213025,pinned,,2.931,0.603,10485760,0,0,,,,,,lunaris_FULL_CHUNKOPT_20260526_213025
snappy,small_TTI_10.bin,10485760,10.0,65536,1.60,18.22,72.20,0.576,0.145,0.555,0.347,1.477,0.000899,1.2056,3.2635,0.0399,0.0069,anon-host,AMD Radeon RX 7900 XT,gfx1100,RX7900XT,30,5,20260526_213025,adaptive,,2.506,0.593,10485760,10485760,1,,,,,,lunaris_FULL_CHUNKOPT_20260526_213025
snappy,small_TTI_10.bin,10485760,10.0,65536,1.60,19.13,74.76,0.548,0.140,3.118,1.948,5.615,0.000856,0.4315,0.5995,0.0124,0.0011,anon-host,AMD Radeon RX 7900 XT,gfx1100,RX7900XT,30,5,20260526_213025,baseline,,0.000,0.000,0,0,0,,,,,,lunaris_FULL_CHUNKOPT_20260526_213025
snappy,small_TTI_10.bin,10485760,10.0,65536,1.60,18.75,76.01,0.559,0.138,0.623,0.389,1.571,0.000874,1.2252,3.3859,0.0388,0.0065,anon-host,AMD Radeon RX 7900 XT,gfx1100,RX7900XT,30,5,20260526_213025,pinned,,2.639,0.832,10485760,0,0,,,,,,lunaris_FULL_CHUNKOPT_20260526_213025
zfp,small_TTI_10.bin,10485760,10.0,65536,1.90,6.02,7.26,1.742,1.445,2.603,0.000,4.345,1.741658,0.4239,0.3430,0.1360,0.0746,anon-host,AMD Radeon RX 7900 XT,gfx1100,RX7900XT,30,5,20260526_213025,acc,1e12,,,,,,2.9104e-10,1.0251e-11,182.93,2.0263e-08,1.4363e-02,lunaris_FULL_CHUNKOPT_20260526_213025
zfp,small_TTI_10.bin,10485760,10.0,65536,8.56,9.74,21.10,1.077,0.497,2.635,0.000,3.711,1.076763,1.1803,2.2675,0.1543,0.0615,anon-host,AMD Radeon RX 7900 XT,gfx1100,RX7900XT,30,5,20260526_213025,acc,1e3,,,,,,2.8086e-04,2.8241e-05,54.13,1.9554e-02,1.4363e-02,lunaris_FULL_CHUNKOPT_20260526_213025
zfp,small_TTI_10.bin,10485760,10.0,65536,5.48,7.24,13.56,1.448,0.773,2.432,0.000,3.881,1.448152,0.5829,1.1971,0.1327,0.0828,anon-host,AMD Radeon RX 7900 XT,gfx1100,RX7900XT,30,5,20260526_213025,acc,1e4,,,,,,1.6898e-05,1.9424e-06,77.38,1.1765e-03,1.4363e-02,lunaris_FULL_CHUNKOPT_20260526_213025
zfp,small_TTI_10.bin,10485760,10.0,65536,4.28,7.26,11.14,1.445,0.941,2.569,0.000,4.014,1.444973,0.6115,1.0391,0.1386,0.1061,anon-host,AMD Radeon RX 7900 XT,gfx1100,RX7900XT,30,5,20260526_213025,acc,1e5,,,,,,2.2054e-06,2.4567e-07,95.34,1.5354e-04,1.4363e-02,lunaris_FULL_CHUNKOPT_20260526_213025
zfp,small_TTI_10.bin,10485760,10.0,65536,3.50,6.93,10.50,1.514,0.999,2.615,0.000,4.128,1.513975,0.6231,0.9471,0.1554,0.1041,anon-host,AMD Radeon RX 7900 XT,gfx1100,RX7900XT,30,5,20260526_213025,acc,1e6,,,,,,2.4907e-07,3.0970e-08,113.33,1.7341e-05,1.4363e-02,lunaris_FULL_CHUNKOPT_20260526_213025
zfp,small_TTI_10.bin,10485760,10.0,65536,2.15,5.99,8.50,1.749,1.234,2.441,0.000,4.190,1.749171,0.7348,0.8229,0.2859,0.1304,anon-host,AMD Radeon RX 7900 XT,gfx1100,RX7900XT,30,5,20260526_213025,acc,1e9,,,,,,4.6566e-10,3.2975e-11,172.78,3.2420e-08,1.4363e-02,lunaris_FULL_CHUNKOPT_20260526_213025
zfp,small_TTI_10.bin,10485760,10.0,65536,3.94,7.38,10.88,1.420,0.964,2.527,0.000,3.947,1.420003,0.6553,0.9069,0.1436,0.0925,anon-host,AMD Radeon RX 7900 XT,gfx1100,RX7900XT,30,5,20260526_213025,prec,16,,,,,,1.1240e-05,4.9202e-07,89.31,7.8257e-04,1.4363e-02,lunaris_FULL_CHUNKOPT_20260526_213025
zfp,small_TTI_10.bin,10485760,10.0,65536,2.44,6.34,9.07,1.655,1.156,2.438,0.000,4.093,1.654603,0.5030,0.7883,0.1462,0.1114,anon-host,AMD Radeon RX 7900 XT,gfx1100,RX7900XT,30,5,20260526_213025,prec,24,,,,,,4.2492e-08,1.9228e-09,137.47,2.9584e-06,1.4363e-02,lunaris_FULL_CHUNKOPT_20260526_213025
zfp,small_TTI_10.bin,10485760,10.0,65536,9.99,9.93,21.79,1.056,0.481,2.463,0.000,3.519,1.056175,1.0508,2.1617,0.1295,0.0547,anon-host,AMD Radeon RX 7900 XT,gfx1100,RX7900XT,30,5,20260526_213025,prec,8,,,,,,2.2678e-03,1.0360e-04,42.84,1.5789e-01,1.4363e-02,lunaris_FULL_CHUNKOPT_20260526_213025
zfp,small_TTI_10.bin,10485760,10.0,65536,2.00,7.06,8.22,1.486,1.275,2.579,0.000,4.066,1.486268,0.6154,0.8669,0.1419,0.1406,anon-host,AMD Radeon RX 7900 XT,gfx1100,RX7900XT,30,5,20260526_213025,rate,16,,,,,,6.4471e-07,2.6130e-08,114.80,4.4886e-05,1.4363e-02,lunaris_FULL_CHUNKOPT_20260526_213025
zfp,small_TTI_10.bin,10485760,10.0,65536,1.33,5.67,6.77,1.850,1.549,2.425,0.000,4.275,1.850391,0.2999,0.3292,0.1085,0.0825,anon-host,AMD Radeon RX 7900 XT,gfx1100,RX7900XT,30,5,20260526_213025,rate,24,,,,,,1.9718e-09,1.0359e-10,162.84,1.3728e-07,1.4363e-02,lunaris_FULL_CHUNKOPT_20260526_213025
zfp,small_TTI_10.bin,10485760,10.0,65536,8.00,10.40,13.93,1.008,0.753,2.423,0.000,3.432,1.008472,1.1652,1.6056,0.1134,0.0876,anon-host,AMD Radeon RX 7900 XT,gfx1100,RX7900XT,30,5,20260526_213025,rate,4,,,,,,1.9736e-03,9.0104e-05,44.05,1.3741e-01,1.4363e-02,lunaris_FULL_CHUNKOPT_20260526_213025
zfp,small_TTI_10.bin,10485760,10.0,65536,4.00,9.01,11.24,1.164,0.933,2.376,0.000,3.541,1.164210,0.9172,1.2869,0.1366,0.1288,anon-host,AMD Radeon RX 7900 XT,gfx1100,RX7900XT,30,5,20260526_213025,rate,8,,,,,,1.4276e-04,6.6709e-06,66.66,9.9394e-03,1.4363e-02,lunaris_FULL_CHUNKOPT_20260526_213025
cascaded,large_TTI_1024.bin,1073741824,1024.0,65536,1.02,61.66,176.46,17.415,6.085,38.864,38.033,94.311,0.001063,0.2660,0.3279,0.0754,0.0113,anon-host,AMD Radeon RX 7900 XT,gfx1100,RX7900XT,30,5,20260526_213025,adaptive,,17.058,63.093,67108864,67108864,16,,,,,,lunaris_FULL_CHUNKOPT_20260526_213025
cascaded,large_TTI_1024.bin,1073741824,1024.0,65536,1.02,61.56,176.55,17.441,6.082,154.984,151.672,324.098,0.001065,0.2978,0.2848,0.0849,0.0098,anon-host,AMD Radeon RX 7900 XT,gfx1100,RX7900XT,30,5,20260526_213025,baseline,,0.000,0.000,0,0,0,,,,,,lunaris_FULL_CHUNKOPT_20260526_213025
cascaded,large_TTI_1024.bin,1073741824,1024.0,65536,1.02,61.58,176.58,17.437,6.081,38.919,38.087,94.443,0.001064,0.3489,0.3577,0.0993,0.0123,anon-host,AMD Radeon RX 7900 XT,gfx1100,RX7900XT,30,5,20260526_213025,pinned,,254.324,95.826,1073741824,0,0,,,,,,lunaris_FULL_CHUNKOPT_20260526_213025
lz4,large_TTI_1024.bin,1073741824,1024.0,65536,1.04,11.80,168.07,90.996,6.389,39.111,37.786,167.892,0.000694,0.0388,0.3150,0.2995,0.0120,anon-host,AMD Radeon RX 7900 XT,gfx1100,RX7900XT,30,5,20260526_213025,adaptive,,16.836,62.578,67108864,67108864,16,,,,,,lunaris_FULL_CHUNKOPT_20260526_213025
lz4,large_TTI_1024.bin,1073741824,1024.0,65536,1.04,11.80,167.68,90.968,6.403,568.584,549.328,1208.881,0.000694,0.0391,0.7012,0.3015,0.0270,anon-host,AMD Radeon RX 7900 XT,gfx1100,RX7900XT,30,5,20260526_213025,baseline,,0.000,0.000,0,0,0,,,,,,lunaris_FULL_CHUNKOPT_20260526_213025
lz4,large_TTI_1024.bin,1073741824,1024.0,65536,1.04,11.81,168.08,90.931,6.388,40.175,38.815,169.921,0.000694,0.0391,0.2884,0.3019,0.0110,anon-host,AMD Radeon RX 7900 XT,gfx1100,RX7900XT,30,5,20260526_213025,pinned,,250.485,96.480,1073741824,0,0,,,,,,lunaris_FULL_CHUNKOPT_20260526_213025
snappy,large_TTI_1024.bin,1073741824,1024.0,65536,1.03,29.37,71.86,36.563,14.941,39.749,38.565,114.877,0.000558,0.0677,0.4313,0.0848,0.0900,anon-host,AMD Radeon RX 7900 XT,gfx1100,RX7900XT,30,5,20260526_213025,adaptive,,16.709,62.852,67108864,67108864,16,,,,,,lunaris_FULL_CHUNKOPT_20260526_213025
snappy,large_TTI_1024.bin,1073741824,1024.0,65536,1.03,29.35,71.99,36.580,14.916,306.508,297.384,640.472,0.000558,0.1170,0.3550,0.1481,0.0737,anon-host,AMD Radeon RX 7900 XT,gfx1100,RX7900XT,30,5,20260526_213025,baseline,,0.000,0.000,0,0,0,,,,,,lunaris_FULL_CHUNKOPT_20260526_213025
snappy,large_TTI_1024.bin,1073741824,1024.0,65536,1.03,29.38,71.86,36.547,14.942,40.057,38.864,115.468,0.000558,0.0460,0.3733,0.0572,0.0777,anon-host,AMD Radeon RX 7900 XT,gfx1100,RX7900XT,30,5,20260526_213025,pinned,,252.220,97.792,1073741824,0,0,,,,,,lunaris_FULL_CHUNKOPT_20260526_213025
zfp,large_TTI_1024.bin,1073741824,1024.0,65536,1.15,10.20,14.97,105.275,71.720,92.859,0.000,198.134,105.275300,0.1311,0.0748,1.3404,0.3607,anon-host,AMD Radeon RX 7900 XT,gfx1100,RX7900XT,30,5,20260526_213025,acc,1e12,,,,,,2.9104e-10,1.7852e-11,179.81,1.6655e-08,1.7475e-02,lunaris_FULL_CHUNKOPT_20260526_213025
zfp,large_TTI_1024.bin,1073741824,1024.0,65536,5.34,20.61,54.87,52.105,19.569,91.544,0.000,143.648,52.104594,0.3893,0.7585,1.0041,0.2752,anon-host,AMD Radeon RX 7900 XT,gfx1100,RX7900XT,30,5,20260526_213025,acc,1e3,,,,,,3.5624e-04,3.6491e-05,53.60,2.0386e-02,1.7475e-02,lunaris_FULL_CHUNKOPT_20260526_213025
zfp,large_TTI_1024.bin,1073741824,1024.0,65536,3.26,18.99,37.35,56.538,28.750,90.636,0.000,147.174,56.537513,0.4709,0.3211,1.4347,0.2494,anon-host,AMD Radeon RX 7900 XT,gfx1100,RX7900XT,30,5,20260526_213025,acc,1e4,,,,,,1.9809e-05,2.5830e-06,76.61,1.1336e-03,1.7475e-02,lunaris_FULL_CHUNKOPT_20260526_213025
zfp,large_TTI_1024.bin,1073741824,1024.0,65536,2.50,17.10,32.77,62.781,32.765,93.481,0.000,156.262,62.780763,0.3437,0.3320,1.2785,0.3388,anon-host,AMD Radeon RX 7900 XT,gfx1100,RX7900XT,30,5,20260526_213025,acc,1e5,,,,,,2.4941e-06,3.3025e-07,94.47,1.4272e-04,1.7475e-02,lunaris_FULL_CHUNKOPT_20260526_213025
zfp,large_TTI_1024.bin,1073741824,1024.0,65536,2.03,14.83,26.09,72.419,41.162,93.746,0.000,166.165,72.419461,0.2536,0.1199,1.2376,0.1893,anon-host,AMD Radeon RX 7900 XT,gfx1100,RX7900XT,30,5,20260526_213025,acc,1e6,,,,,,3.0037e-07,4.1363e-08,112.52,1.7188e-05,1.7475e-02,lunaris_FULL_CHUNKOPT_20260526_213025
zfp,large_TTI_1024.bin,1073741824,1024.0,65536,1.25,10.86,16.25,98.902,66.066,91.373,0.000,190.274,98.901603,0.1503,0.0699,1.3668,0.2857,anon-host,AMD Radeon RX 7900 XT,gfx1100,RX7900XT,30,5,20260526_213025,acc,1e9,,,,,,4.6566e-10,4.4564e-11,171.87,2.6647e-08,1.7475e-02,lunaris_FULL_CHUNKOPT_20260526_213025
zfp,large_TTI_1024.bin,1073741824,1024.0,65536,2.66,16.93,30.83,63.430,34.827,93.765,0.000,157.194,63.429772,0.3913,0.3225,1.5429,0.3723,anon-host,AMD Radeon RX 7900 XT,gfx1100,RX7900XT,30,5,20260526_213025,prec,16,,,,,,1.2473e-05,8.2070e-07,86.56,7.1378e-04,1.7475e-02,lunaris_FULL_CHUNKOPT_20260526_213025
zfp,large_TTI_1024.bin,1073741824,1024.0,65536,1.60,13.43,21.24,79.937,50.559,91.285,0.000,171.221,79.936584,0.2177,0.1071,1.2966,0.2559,anon-host,AMD Radeon RX 7900 XT,gfx1100,RX7900XT,30,5,20260526_213025,prec,24,,,,,,4.4471e-08,3.2266e-09,134.67,2.5448e-06,1.7475e-02,lunaris_FULL_CHUNKOPT_20260526_213025
zfp,large_TTI_1024.bin,1073741824,1024.0,65536,7.30,26.90,65.73,39.911,16.336,92.118,0.000,132.029,39.911020,0.8105,0.3009,1.2574,0.0749,anon-host,AMD Radeon RX 7900 XT,gfx1100,RX7900XT,30,5,20260526_213025,prec,8,,,,,,3.6545e-03,1.5359e-04,41.12,2.0913e-01,1.7475e-02,lunaris_FULL_CHUNKOPT_20260526_213025
zfp,large_TTI_1024.bin,1073741824,1024.0,65536,2.00,26.25,24.74,40.902,43.397,91.934,0.000,132.836,40.902415,0.2511,0.0869,0.4041,0.1540,anon-host,AMD Radeon RX 7900 XT,gfx1100,RX7900XT,30,5,20260526_213025,rate,16,,,,,,9.4068e-07,3.2154e-08,114.70,5.3830e-05,1.7475e-02,lunaris_FULL_CHUNKOPT_20260526_213025
zfp,large_TTI_1024.bin,1073741824,1024.0,65536,1.33,15.99,15.49,67.166,69.316,93.831,0.000,160.996,67.165625,0.0446,0.0618,0.1880,0.2788,anon-host,AMD Radeon RX 7900 XT,gfx1100,RX7900XT,30,5,20260526_213025,rate,24,,,,,,3.6822e-09,1.2807e-10,162.70,2.1071e-07,1.7475e-02,lunaris_FULL_CHUNKOPT_20260526_213025
zfp,large_TTI_1024.bin,1073741824,1024.0,65536,8.00,76.03,80.88,14.122,13.275,93.417,0.000,107.539,14.122285,1.3576,0.1742,0.2607,0.0287,anon-host,AMD Radeon RX 7900 XT,gfx1100,RX7900XT,30,5,20260526_213025,rate,4,,,,,,3.3526e-03,1.0785e-04,44.19,1.9185e-01,1.7475e-02,lunaris_FULL_CHUNKOPT_20260526_213025
zfp,large_TTI_1024.bin,1073741824,1024.0,65536,4.00,47.68,47.11,22.522,22.790,93.685,0.000,116.207,22.521877,0.6131,0.0890,0.2967,0.0431,anon-host,AMD Radeon RX 7900 XT,gfx1100,RX7900XT,30,5,20260526_213025,rate,8,,,,,,2.3458e-04,7.6413e-06,67.18,1.3423e-02,1.7475e-02,lunaris_FULL_CHUNKOPT_20260526_213025
cascaded,xlarge_TTI_4096.bin,4294967296,4096.0,65536,1.02,60.61,222.34,70.863,19.317,156.840,153.049,380.752,0.001081,0.2019,0.7201,0.2358,0.0627,anon-host,AMD Radeon RX 7900 XT,gfx1100,RX7900XT,30,5,20260526_213025,adaptive,,18.664,247.087,67108864,67108864,64,,,,,,lunaris_FULL_CHUNKOPT_20260526_213025
cascaded,xlarge_TTI_4096.bin,4294967296,4096.0,65536,1.02,60.42,221.83,71.081,19.361,639.935,624.470,1335.486,0.001085,0.1336,1.0147,0.1572,0.0887,anon-host,AMD Radeon RX 7900 XT,gfx1100,RX7900XT,30,5,20260526_213025,baseline,,0.000,0.000,0,0,0,,,,,,lunaris_FULL_CHUNKOPT_20260526_213025
cascaded,xlarge_TTI_4096.bin,4294967296,4096.0,65536,1.02,60.56,222.22,70.925,19.327,426.173,415.875,912.973,0.001082,0.1269,0.7199,0.1490,0.0627,anon-host,AMD Radeon RX 7900 XT,gfx1100,RX7900XT,30,5,20260526_213025,pinned,,996.194,380.840,4294967296,0,0,,,,,,lunaris_FULL_CHUNKOPT_20260526_213025
lz4,xlarge_TTI_4096.bin,4294967296,4096.0,65536,1.04,10.27,200.62,418.363,21.409,155.210,149.545,723.117,0.000798,0.0284,0.5779,1.1581,0.0618,anon-host,AMD Radeon RX 7900 XT,gfx1100,RX7900XT,30,5,20260526_213025,adaptive,,15.098,246.865,67108864,67108864,64,,,,,,lunaris_FULL_CHUNKOPT_20260526_213025
lz4,xlarge_TTI_4096.bin,4294967296,4096.0,65536,1.04,10.27,200.28,418.307,21.445,2326.360,2241.446,4986.112,0.000798,0.0228,0.6048,0.9277,0.0648,anon-host,AMD Radeon RX 7900 XT,gfx1100,RX7900XT,30,5,20260526_213025,baseline,,0.000,0.000,0,0,0,,,,,,lunaris_FULL_CHUNKOPT_20260526_213025
lz4,xlarge_TTI_4096.bin,4294967296,4096.0,65536,1.04,10.27,200.47,418.396,21.424,426.391,410.828,1255.615,0.000798,0.0555,0.5279,2.3055,0.0564,anon-host,AMD Radeon RX 7900 XT,gfx1100,RX7900XT,30,5,20260526_213025,pinned,,962.287,395.563,4294967296,0,0,,,,,,lunaris_FULL_CHUNKOPT_20260526_213025
snappy,xlarge_TTI_4096.bin,4294967296,4096.0,65536,1.03,29.60,99.48,145.086,43.173,157.728,152.630,455.444,0.000553,0.0207,0.2814,0.1015,0.1222,anon-host,AMD Radeon RX 7900 XT,gfx1100,RX7900XT,30,5,20260526_213025,adaptive,,15.306,246.680,67108864,67108864,64,,,,,,lunaris_FULL_CHUNKOPT_20260526_213025
snappy,xlarge_TTI_4096.bin,4294967296,4096.0,65536,1.03,29.60,99.59,145.115,43.126,1316.316,1273.776,2735.207,0.000554,0.0348,0.2429,0.1710,0.1053,anon-host,AMD Radeon RX 7900 XT,gfx1100,RX7900XT,30,5,20260526_213025,baseline,,0.000,0.000,0,0,0,,,,,,lunaris_FULL_CHUNKOPT_20260526_213025
snappy,xlarge_TTI_4096.bin,4294967296,4096.0,65536,1.03,29.60,99.52,145.086,43.157,159.800,154.636,459.522,0.000553,0.0300,0.2209,0.1474,0.0958,anon-host,AMD Radeon RX 7900 XT,gfx1100,RX7900XT,30,5,20260526_213025,pinned,,931.509,392.267,4294967296,0,0,,,,,,lunaris_FULL_CHUNKOPT_20260526_213025
zfp,xlarge_TTI_4096.bin,4294967296,4096.0,65536,1.13,10.88,16.45,394.705,261.035,306.868,0.000,701.573,394.705148,0.0632,0.0445,2.2856,0.7068,anon-host,AMD Radeon RX 7900 XT,gfx1100,RX7900XT,30,5,20260526_213025,acc,1e12,,,,,,4.6566e-10,1.6197e-11,180.78,2.6286e-08,1.7715e-02,lunaris_FULL_CHUNKOPT_20260526_213025
zfp,xlarge_TTI_4096.bin,4294967296,4096.0,65536,5.37,23.81,66.03,180.368,65.047,307.125,0.000,487.493,180.368473,0.1077,0.5376,0.8140,0.5325,anon-host,AMD Radeon RX 7900 XT,gfx1100,RX7900XT,30,5,20260526_213025,acc,1e3,,,,,,3.5342e-04,3.7169e-05,53.56,1.9950e-02,1.7715e-02,lunaris_FULL_CHUNKOPT_20260526_213025
zfp,xlarge_TTI_4096.bin,4294967296,4096.0,65536,3.25,19.56,41.86,219.523,102.607,313.985,0.000,533.508,219.523146,0.0697,0.2291,0.7856,0.5635,anon-host,AMD Radeon RX 7900 XT,gfx1100,RX7900XT,30,5,20260526_213025,acc,1e4,,,,,,2.1458e-05,2.6140e-06,76.62,1.2112e-03,1.7715e-02,lunaris_FULL_CHUNKOPT_20260526_213025
zfp,xlarge_TTI_4096.bin,4294967296,4096.0,65536,2.49,17.13,33.43,250.713,128.465,309.217,0.000,559.930,250.712658,0.1457,0.1354,2.1731,0.5213,anon-host,AMD Radeon RX 7900 XT,gfx1100,RX7900XT,30,5,20260526_213025,acc,1e5,,,,,,2.8480e-06,3.3275e-07,94.52,1.6076e-04,1.7715e-02,lunaris_FULL_CHUNKOPT_20260526_213025
zfp,xlarge_TTI_4096.bin,4294967296,4096.0,65536,2.02,14.53,28.74,295.642,149.447,316.165,0.000,611.807,295.641670,0.1483,0.1427,3.0573,0.7435,anon-host,AMD Radeon RX 7900 XT,gfx1100,RX7900XT,30,5,20260526_213025,acc,1e6,,,,,,3.3644e-07,4.1640e-08,112.58,1.8991e-05,1.7715e-02,lunaris_FULL_CHUNKOPT_20260526_213025
zfp,xlarge_TTI_4096.bin,4294967296,4096.0,65536,1.24,11.35,17.53,378.555,244.980,307.660,0.000,686.214,378.554806,0.0757,0.0526,2.5274,0.7351,anon-host,AMD Radeon RX 7900 XT,gfx1100,RX7900XT,30,5,20260526_213025,acc,1e9,,,,,,4.6566e-10,4.4203e-11,172.06,2.6286e-08,1.7715e-02,lunaris_FULL_CHUNKOPT_20260526_213025
zfp,xlarge_TTI_4096.bin,4294967296,4096.0,65536,2.60,18.54,36.16,231.680,118.779,315.198,0.000,546.878,231.680186,0.2243,0.1383,2.8976,0.4535,anon-host,AMD Radeon RX 7900 XT,gfx1100,RX7900XT,30,5,20260526_213025,prec,16,,,,,,1.5154e-05,7.4423e-07,87.53,8.5544e-04,1.7715e-02,lunaris_FULL_CHUNKOPT_20260526_213025
zfp,xlarge_TTI_4096.bin,4294967296,4096.0,65536,1.58,13.92,22.83,308.642,188.147,312.566,0.000,621.208,308.641662,0.1363,0.0983,3.0891,0.8135,anon-host,AMD Radeon RX 7900 XT,gfx1100,RX7900XT,30,5,20260526_213025,prec,24,,,,,,5.1909e-08,2.9184e-09,135.66,2.9302e-06,1.7715e-02,lunaris_FULL_CHUNKOPT_20260526_213025
zfp,xlarge_TTI_4096.bin,4294967296,4096.0,65536,7.12,27.72,83.60,154.936,51.373,311.472,0.000,466.409,154.936461,0.2462,0.5451,1.3882,0.3405,anon-host,AMD Radeon RX 7900 XT,gfx1100,RX7900XT,30,5,20260526_213025,prec,8,,,,,,3.8986e-03,1.4070e-04,42.00,2.2007e-01,1.7715e-02,lunaris_FULL_CHUNKOPT_20260526_213025
zfp,xlarge_TTI_4096.bin,4294967296,4096.0,65536,2.00,27.79,25.44,154.548,168.825,308.188,0.000,462.736,154.548448,0.1115,0.0855,0.6277,0.5697,anon-host,AMD Radeon RX 7900 XT,gfx1100,RX7900XT,30,5,20260526_213025,rate,16,,,,,,8.9034e-07,3.0036e-08,115.41,5.0258e-05,1.7715e-02,lunaris_FULL_CHUNKOPT_20260526_213025
zfp,xlarge_TTI_4096.bin,4294967296,4096.0,65536,1.33,17.83,16.88,240.943,254.406,317.856,0.000,558.799,240.943193,0.0170,0.0439,0.2301,0.6647,anon-host,AMD Radeon RX 7900 XT,gfx1100,RX7900XT,30,5,20260526_213025,rate,24,,,,,,3.6016e-09,1.1952e-10,163.42,2.0330e-07,1.7715e-02,lunaris_FULL_CHUNKOPT_20260526_213025
zfp,xlarge_TTI_4096.bin,4294967296,4096.0,65536,8.00,89.63,86.31,47.917,49.759,308.619,0.000,356.536,47.917043,0.1737,0.4406,0.0929,0.2567,anon-host,AMD Radeon RX 7900 XT,gfx1100,RX7900XT,30,5,20260526_213025,rate,4,,,,,,3.1516e-03,1.0088e-04,44.89,1.7790e-01,1.7715e-02,lunaris_FULL_CHUNKOPT_20260526_213025
zfp,xlarge_TTI_4096.bin,4294967296,4096.0,65536,4.00,50.12,46.52,85.686,92.334,304.119,0.000,389.805,85.686414,0.1007,0.1989,0.1727,0.3975,anon-host,AMD Radeon RX 7900 XT,gfx1100,RX7900XT,30,5,20260526_213025,rate,8,,,,,,2.1502e-04,7.2055e-06,67.81,1.2137e-02,1.7715e-02,lunaris_FULL_CHUNKOPT_20260526_213025
cascaded,medium_zeros_100.bin,104857600,100.0,65536,92.04,141.34,46.35,0.742,2.262,4.243,0.046,5.031,0.000464,15.9298,7.1400,0.1302,0.5587,anon-host,AMD Radeon RX 7900 XT,gfx1100,RX7900XT,30,5,20260526_213025,adaptive,,16.163,4.840,67108864,67108864,2,,,,,,lunaris_FULL_CHUNKOPT_20260526_213025
cascaded,medium_zeros_100.bin,104857600,100.0,65536,92.04,150.44,51.31,0.697,2.043,14.925,0.162,15.784,0.000436,0.6486,1.0240,0.0030,0.0432,anon-host,AMD Radeon RX 7900 XT,gfx1100,RX7900XT,30,5,20260526_213025,baseline,,0.000,0.000,0,0,0,,,,,,lunaris_FULL_CHUNKOPT_20260526_213025
cascaded,medium_zeros_100.bin,104857600,100.0,65536,92.04,142.42,47.02,0.736,2.230,4.039,0.044,4.819,0.000460,14.6393,6.3417,0.1184,0.4494,anon-host,AMD Radeon RX 7900 XT,gfx1100,RX7900XT,30,5,20260526_213025,pinned,,27.240,9.022,104857600,0,0,,,,,,lunaris_FULL_CHUNKOPT_20260526_213025
lz4,medium_zeros_100.bin,104857600,100.0,65536,190.51,88.33,220.40,1.187,0.476,4.110,0.022,5.319,0.000093,2.2783,0.2006,0.0328,0.0004,anon-host,AMD Radeon RX 7900 XT,gfx1100,RX7900XT,30,5,20260526_213025,adaptive,,16.650,4.942,67108864,67108864,2,,,,,,lunaris_FULL_CHUNKOPT_20260526_213025
lz4,medium_zeros_100.bin,104857600,100.0,65536,190.51,88.28,220.49,1.188,0.476,51.264,0.269,52.721,0.000093,5.6807,0.2917,0.0626,0.0006,anon-host,AMD Radeon RX 7900 XT,gfx1100,RX7900XT,30,5,20260526_213025,baseline,,0.000,0.000,0,0,0,,,,,,lunaris_FULL_CHUNKOPT_20260526_213025
lz4,medium_zeros_100.bin,104857600,100.0,65536,190.51,89.31,220.37,1.174,0.476,3.975,0.021,5.170,0.000092,1.0011,0.9001,0.0130,0.0020,anon-host,AMD Radeon RX 7900 XT,gfx1100,RX7900XT,30,5,20260526_213025,pinned,,24.821,9.268,104857600,0,0,,,,,,lunaris_FULL_CHUNKOPT_20260526_213025
snappy,medium_zeros_100.bin,104857600,100.0,65536,21.20,22.16,64.66,4.731,1.622,4.124,0.195,9.050,0.000739,2.2155,6.3095,0.6380,0.1967,anon-host,AMD Radeon RX 7900 XT,gfx1100,RX7900XT,30,5,20260526_213025,adaptive,,16.455,4.845,67108864,67108864,2,,,,,,lunaris_FULL_CHUNKOPT_20260526_213025
snappy,medium_zeros_100.bin,104857600,100.0,65536,21.20,23.60,68.69,4.444,1.527,28.392,1.340,34.175,0.000694,0.8165,0.8299,0.1316,0.0182,anon-host,AMD Radeon RX 7900 XT,gfx1100,RX7900XT,30,5,20260526_213025,baseline,,0.000,0.000,0,0,0,,,,,,lunaris_FULL_CHUNKOPT_20260526_213025
snappy,medium_zeros_100.bin,104857600,100.0,65536,21.20,21.97,62.90,4.772,1.667,4.520,0.213,9.505,0.000746,1.4263,5.5042,0.3580,0.1723,anon-host,AMD Radeon RX 7900 XT,gfx1100,RX7900XT,30,5,20260526_213025,pinned,,25.182,9.247,104857600,0,0,,,,,,lunaris_FULL_CHUNKOPT_20260526_213025
cascaded,small_zeros_10.bin,10485760,10.0,65536,92.04,75.52,23.42,0.139,0.448,0.569,0.006,0.714,0.000868,5.6507,2.1426,0.0115,0.0464,anon-host,AMD Radeon RX 7900 XT,gfx1100,RX7900XT,30,5,20260526_213025,adaptive,,2.494,0.650,10485760,10485760,1,,,,,,lunaris_FULL_CHUNKOPT_20260526_213025
cascaded,small_zeros_10.bin,10485760,10.0,65536,92.04,79.44,24.99,0.132,0.420,1.708,0.019,1.859,0.000825,1.1964,0.4081,0.0020,0.0071,anon-host,AMD Radeon RX 7900 XT,gfx1100,RX7900XT,30,5,20260526_213025,baseline,,0.000,0.000,0,0,0,,,,,,lunaris_FULL_CHUNKOPT_20260526_213025
cascaded,small_zeros_10.bin,10485760,10.0,65536,92.04,76.24,23.76,0.138,0.441,0.562,0.006,0.705,0.000860,4.9892,1.8320,0.0099,0.0382,anon-host,AMD Radeon RX 7900 XT,gfx1100,RX7900XT,30,5,20260526_213025,pinned,,2.399,0.441,10485760,0,0,,,,,,lunaris_FULL_CHUNKOPT_20260526_213025
lz4,small_zeros_10.bin,10485760,10.0,65536,190.51,78.43,192.39,0.134,0.055,0.638,0.003,0.775,0.000104,1.8341,10.9394,0.0031,0.0039,anon-host,AMD Radeon RX 7900 XT,gfx1100,RX7900XT,30,5,20260526_213025,adaptive,,2.588,0.499,10485760,10485760,1,,,,,,lunaris_FULL_CHUNKOPT_20260526_213025
lz4,small_zeros_10.bin,10485760,10.0,65536,190.51,83.59,215.13,0.125,0.049,5.651,0.030,5.806,0.000098,3.1098,13.2971,0.0045,0.0028,anon-host,AMD Radeon RX 7900 XT,gfx1100,RX7900XT,30,5,20260526_213025,baseline,,0.000,0.000,0,0,0,,,,,,lunaris_FULL_CHUNKOPT_20260526_213025
lz4,small_zeros_10.bin,10485760,10.0,65536,190.51,85.05,202.24,0.123,0.052,0.656,0.003,0.783,0.000096,2.8087,7.5166,0.0040,0.0018,anon-host,AMD Radeon RX 7900 XT,gfx1100,RX7900XT,30,5,20260526_213025,pinned,,2.443,0.498,10485760,0,0,,,,,,lunaris_FULL_CHUNKOPT_20260526_213025
snappy,small_zeros_10.bin,10485760,10.0,65536,21.20,16.02,72.41,0.655,0.145,0.569,0.027,1.250,0.001023,0.9159,4.2586,0.0400,0.0091,anon-host,AMD Radeon RX 7900 XT,gfx1100,RX7900XT,30,5,20260526_213025,adaptive,,2.547,0.617,10485760,10485760,1,,,,,,lunaris_FULL_CHUNKOPT_20260526_213025
snappy,small_zeros_10.bin,10485760,10.0,65536,21.20,17.23,76.62,0.609,0.137,3.024,0.143,3.775,0.000951,0.3122,1.0868,0.0109,0.0019,anon-host,AMD Radeon RX 7900 XT,gfx1100,RX7900XT,30,5,20260526_213025,baseline,,0.000,0.000,0,0,0,,,,,,lunaris_FULL_CHUNKOPT_20260526_213025
snappy,small_zeros_10.bin,10485760,10.0,65536,21.20,16.22,73.43,0.647,0.143,0.578,0.027,1.251,0.001010,0.6613,3.1249,0.0277,0.0065,anon-host,AMD Radeon RX 7900 XT,gfx1100,RX7900XT,30,5,20260526_213025,pinned,,2.462,0.456,10485760,0,0,,,,,,lunaris_FULL_CHUNKOPT_20260526_213025
cascaded,large_zeros_1024.bin,1073741824,1024.0,65536,92.04,177.56,40.59,6.047,26.456,39.495,0.429,45.972,0.000369,2.2087,0.2011,0.0804,0.1310,anon-host,AMD Radeon RX 7900 XT,gfx1100,RX7900XT,30,5,20260526_213025,adaptive,,16.931,51.490,67108864,67108864,16,,,,,,lunaris_FULL_CHUNKOPT_20260526_213025
cascaded,large_zeros_1024.bin,1073741824,1024.0,65536,92.04,177.96,40.27,6.034,26.665,154.689,1.681,162.403,0.000368,0.2956,0.2018,0.0101,0.1331,anon-host,AMD Radeon RX 7900 XT,gfx1100,RX7900XT,30,5,20260526_213025,baseline,,0.000,0.000,0,0,0,,,,,,lunaris_FULL_CHUNKOPT_20260526_213025
cascaded,large_zeros_1024.bin,1073741824,1024.0,65536,92.04,178.01,40.58,6.032,26.460,39.079,0.425,45.535,0.000368,0.0960,0.3347,0.0033,0.2185,anon-host,AMD Radeon RX 7900 XT,gfx1100,RX7900XT,30,5,20260526_213025,pinned,,254.613,94.156,1073741824,0,0,,,,,,lunaris_FULL_CHUNKOPT_20260526_213025
lz4,large_zeros_1024.bin,1073741824,1024.0,65536,190.51,138.78,239.31,7.737,4.487,39.460,0.207,47.404,0.000059,0.3751,0.2642,0.0209,0.0050,anon-host,AMD Radeon RX 7900 XT,gfx1100,RX7900XT,30,5,20260526_213025,adaptive,,17.626,51.805,67108864,67108864,16,,,,,,lunaris_FULL_CHUNKOPT_20260526_213025
lz4,large_zeros_1024.bin,1073741824,1024.0,65536,190.51,138.76,239.45,7.738,4.484,568.306,2.983,579.028,0.000059,0.4296,0.2887,0.0238,0.0054,anon-host,AMD Radeon RX 7900 XT,gfx1100,RX7900XT,30,5,20260526_213025,baseline,,0.000,0.000,0,0,0,,,,,,lunaris_FULL_CHUNKOPT_20260526_213025
lz4,large_zeros_1024.bin,1073741824,1024.0,65536,190.51,138.89,239.39,7.731,4.485,40.130,0.211,48.071,0.000059,0.7449,0.2359,0.0407,0.0044,anon-host,AMD Radeon RX 7900 XT,gfx1100,RX7900XT,30,5,20260526_213025,pinned,,250.212,97.331,1073741824,0,0,,,,,,lunaris_FULL_CHUNKOPT_20260526_213025
snappy,large_zeros_1024.bin,1073741824,1024.0,65536,21.20,28.76,61.39,37.329,17.491,39.474,1.862,78.665,0.000570,0.0822,0.3198,0.1072,0.0914,anon-host,AMD Radeon RX 7900 XT,gfx1100,RX7900XT,30,5,20260526_213025,adaptive,,16.623,51.199,67108864,67108864,16,,,,,,lunaris_FULL_CHUNKOPT_20260526_213025
snappy,large_zeros_1024.bin,1073741824,1024.0,65536,21.20,28.82,61.40,37.253,17.489,306.900,14.480,358.632,0.000568,0.0345,0.3450,0.0446,0.0986,anon-host,AMD Radeon RX 7900 XT,gfx1100,RX7900XT,30,5,20260526_213025,baseline,,0.000,0.000,0,0,0,,,,,,lunaris_FULL_CHUNKOPT_20260526_213025
snappy,large_zeros_1024.bin,1073741824,1024.0,65536,21.20,28.85,61.43,37.220,17.480,39.732,1.875,78.827,0.000568,0.0494,0.3419,0.0634,0.0974,anon-host,AMD Radeon RX 7900 XT,gfx1100,RX7900XT,30,5,20260526_213025,pinned,,251.780,92.676,1073741824,0,0,,,,,,lunaris_FULL_CHUNKOPT_20260526_213025
cascaded,xlarge_zeros_4096.bin,4294967296,4096.0,65536,92.04,176.99,55.48,24.266,77.419,154.895,1.683,180.844,0.000370,0.4633,0.0949,0.0632,0.1326,anon-host,AMD Radeon RX 7900 XT,gfx1100,RX7900XT,30,5,20260526_213025,adaptive,,18.764,208.344,67108864,67108864,64,,,,,,lunaris_FULL_CHUNKOPT_20260526_213025
cascaded,xlarge_zeros_4096.bin,4294967296,4096.0,65536,92.04,176.79,55.51,24.294,77.378,639.642,6.949,670.885,0.000371,0.4453,0.0869,0.0613,0.1211,anon-host,AMD Radeon RX 7900 XT,gfx1100,RX7900XT,30,5,20260526_213025,baseline,,0.000,0.000,0,0,0,,,,,,lunaris_FULL_CHUNKOPT_20260526_213025
cascaded,xlarge_zeros_4096.bin,4294967296,4096.0,65536,92.04,176.90,55.45,24.279,77.462,156.854,1.704,182.837,0.000370,0.5054,0.0956,0.0696,0.1337,anon-host,AMD Radeon RX 7900 XT,gfx1100,RX7900XT,30,5,20260526_213025,pinned,,958.516,362.572,4294967296,0,0,,,,,,lunaris_FULL_CHUNKOPT_20260526_213025
lz4,xlarge_zeros_4096.bin,4294967296,4096.0,65536,190.51,145.42,302.33,29.536,14.206,157.219,0.825,187.580,0.000056,1.9787,1.9731,0.4323,0.0927,anon-host,AMD Radeon RX 7900 XT,gfx1100,RX7900XT,30,5,20260526_213025,adaptive,,15.568,203.810,67108864,67108864,64,,,,,,lunaris_FULL_CHUNKOPT_20260526_213025
lz4,xlarge_zeros_4096.bin,4294967296,4096.0,65536,190.51,144.93,302.46,29.635,14.200,2322.336,12.190,2364.161,0.000057,4.0112,1.8073,0.9569,0.0849,anon-host,AMD Radeon RX 7900 XT,gfx1100,RX7900XT,30,5,20260526_213025,baseline,,0.000,0.000,0,0,0,,,,,,lunaris_FULL_CHUNKOPT_20260526_213025
lz4,xlarge_zeros_4096.bin,4294967296,4096.0,65536,190.51,145.68,302.77,29.482,14.185,426.343,2.238,458.063,0.000056,0.2193,1.8310,0.0446,0.0860,anon-host,AMD Radeon RX 7900 XT,gfx1100,RX7900XT,30,5,20260526_213025,pinned,,958.405,388.280,4294967296,0,0,,,,,,lunaris_FULL_CHUNKOPT_20260526_213025
snappy,xlarge_zeros_4096.bin,4294967296,4096.0,65536,21.20,28.93,84.32,148.476,50.934,154.948,7.310,310.734,0.000566,0.2596,0.1999,1.3968,0.1208,anon-host,AMD Radeon RX 7900 XT,gfx1100,RX7900XT,30,5,20260526_213025,adaptive,,15.318,205.653,67108864,67108864,64,,,,,,lunaris_FULL_CHUNKOPT_20260526_213025
snappy,xlarge_zeros_4096.bin,4294967296,4096.0,65536,21.20,28.92,84.38,148.516,50.897,1316.722,62.123,1527.360,0.000567,0.2398,0.2034,1.2859,0.1228,anon-host,AMD Radeon RX 7900 XT,gfx1100,RX7900XT,30,5,20260526_213025,baseline,,0.000,0.000,0,0,0,,,,,,lunaris_FULL_CHUNKOPT_20260526_213025
snappy,xlarge_zeros_4096.bin,4294967296,4096.0,65536,21.20,28.98,84.41,148.226,50.884,156.790,7.397,312.413,0.000565,0.0299,0.1957,0.1527,0.1182,anon-host,AMD Radeon RX 7900 XT,gfx1100,RX7900XT,30,5,20260526_213025,pinned,,947.102,375.576,4294967296,0,0,,,,,,lunaris_FULL_CHUNKOPT_20260526_213025
cascaded,medium_binary_100.bin,104857600,100.0,65536,2.56,45.21,75.44,2.319,1.390,3.827,1.494,7.640,0.001450,0.1672,0.6596,0.0086,0.0122,anon-host,AMD Instinct MI210,gfx90a,MI210,30,5,20260527_030416,adaptive,,12.603,16.477,67108864,67108864,2,,,,,,larochette4_FULL_CHUNKOPT_20260527_030416
cascaded,medium_binary_100.bin,104857600,100.0,65536,2.56,45.14,75.29,2.323,1.393,19.074,7.444,28.841,0.001452,0.1872,0.9357,0.0096,0.0176,anon-host,AMD Instinct MI210,gfx90a,MI210,30,5,20260527_030416,baseline,,0.000,0.000,0,0,0,,,,,,larochette4_FULL_CHUNKOPT_20260527_030416
cascaded,medium_binary_100.bin,104857600,100.0,65536,2.56,43.48,75.39,2.412,1.391,3.774,1.473,7.658,0.001507,4.4240,0.7440,0.4984,0.0138,anon-host,AMD Instinct MI210,gfx90a,MI210,30,5,20260527_030416,pinned,,21.331,16.240,104857600,0,0,,,,,,larochette4_FULL_CHUNKOPT_20260527_030416
lz4,medium_binary_100.bin,104857600,100.0,65536,3.12,8.55,199.02,12.259,0.527,3.767,1.206,17.232,0.001916,0.0249,1.9681,0.0357,0.0053,anon-host,AMD Instinct MI210,gfx90a,MI210,30,5,20260527_030416,adaptive,,5.358,7.938,67108864,67108864,2,,,,,,larochette4_FULL_CHUNKOPT_20260527_030416
lz4,medium_binary_100.bin,104857600,100.0,65536,3.12,8.52,199.24,12.309,0.526,29.841,9.553,51.704,0.001923,0.2327,1.5065,0.3912,0.0040,anon-host,AMD Instinct MI210,gfx90a,MI210,30,5,20260527_030416,baseline,,0.000,0.000,0,0,0,,,,,,larochette4_FULL_CHUNKOPT_20260527_030416
lz4,medium_binary_100.bin,104857600,100.0,65536,3.12,8.51,199.85,12.315,0.525,3.786,1.212,17.312,0.001924,0.2353,1.6023,0.3966,0.0042,anon-host,AMD Instinct MI210,gfx90a,MI210,30,5,20260527_030416,pinned,,22.034,18.426,104857600,0,0,,,,,,larochette4_FULL_CHUNKOPT_20260527_030416
snappy,medium_binary_100.bin,104857600,100.0,65536,2.15,22.60,57.70,4.640,1.817,4.121,1.914,10.675,0.000725,0.1324,0.1684,0.0273,0.0053,anon-host,AMD Instinct MI210,gfx90a,MI210,30,5,20260527_030416,adaptive,,11.952,17.566,67108864,67108864,2,,,,,,larochette4_FULL_CHUNKOPT_20260527_030416
snappy,medium_binary_100.bin,104857600,100.0,65536,2.15,22.63,57.74,4.634,1.816,30.841,14.328,49.802,0.000724,0.1379,0.1334,0.0283,0.0042,anon-host,AMD Instinct MI210,gfx90a,MI210,30,5,20260527_030416,baseline,,0.000,0.000,0,0,0,,,,,,larochette4_FULL_CHUNKOPT_20260527_030416
snappy,medium_binary_100.bin,104857600,100.0,65536,2.15,22.18,57.76,4.727,1.815,3.756,1.745,10.228,0.000739,1.4517,0.1038,0.4627,0.0033,anon-host,AMD Instinct MI210,gfx90a,MI210,30,5,20260527_030416,pinned,,12.052,8.705,104857600,0,0,,,,,,larochette4_FULL_CHUNKOPT_20260527_030416
cascaded,small_binary_10.bin,10485760,10.0,65536,2.56,19.90,33.00,0.527,0.318,0.460,0.179,1.166,0.003294,0.0962,0.1910,0.0026,0.0019,anon-host,AMD Instinct MI210,gfx90a,MI210,30,5,20260527_030416,adaptive,,2.021,1.799,10485760,10485760,1,,,,,,larochette4_FULL_CHUNKOPT_20260527_030416
cascaded,small_binary_10.bin,10485760,10.0,65536,2.56,19.88,33.00,0.527,0.318,2.103,0.821,3.451,0.003296,0.1181,0.2026,0.0032,0.0020,anon-host,AMD Instinct MI210,gfx90a,MI210,30,5,20260527_030416,baseline,,0.000,0.000,0,0,0,,,,,,larochette4_FULL_CHUNKOPT_20260527_030416
cascaded,small_binary_10.bin,10485760,10.0,65536,2.56,19.32,32.59,0.543,0.322,0.461,0.180,1.184,0.003392,0.1012,0.2178,0.0029,0.0022,anon-host,AMD Instinct MI210,gfx90a,MI210,30,5,20260527_030416,pinned,,1.848,1.397,10485760,0,0,,,,,,larochette4_FULL_CHUNKOPT_20260527_030416
lz4,small_binary_10.bin,10485760,10.0,65536,3.12,5.94,97.11,1.766,0.108,0.462,0.148,2.376,0.002759,0.0459,0.7751,0.0137,0.0009,anon-host,AMD Instinct MI210,gfx90a,MI210,30,5,20260527_030416,adaptive,,1.772,1.562,10485760,10485760,1,,,,,,larochette4_FULL_CHUNKOPT_20260527_030416
lz4,small_binary_10.bin,10485760,10.0,65536,3.12,5.94,97.71,1.766,0.107,3.194,1.022,5.983,0.002760,0.0657,0.7860,0.0196,0.0009,anon-host,AMD Instinct MI210,gfx90a,MI210,30,5,20260527_030416,baseline,,0.000,0.000,0,0,0,,,,,,larochette4_FULL_CHUNKOPT_20260527_030416
lz4,small_binary_10.bin,10485760,10.0,65536,3.12,5.95,98.21,1.763,0.107,0.464,0.149,2.375,0.002754,0.0701,0.8211,0.0207,0.0009,anon-host,AMD Instinct MI210,gfx90a,MI210,30,5,20260527_030416,pinned,,1.937,1.497,10485760,0,0,,,,,,larochette4_FULL_CHUNKOPT_20260527_030416
snappy,small_binary_10.bin,10485760,10.0,65536,2.16,18.62,38.01,0.563,0.276,0.476,0.221,1.260,0.000880,0.0847,0.0980,0.0026,0.0007,anon-host,AMD Instinct MI210,gfx90a,MI210,30,5,20260527_030416,adaptive,,1.920,1.647,10485760,10485760,1,,,,,,larochette4_FULL_CHUNKOPT_20260527_030416
snappy,small_binary_10.bin,10485760,10.0,65536,2.16,18.53,37.99,0.566,0.276,3.172,1.469,5.208,0.000884,0.3470,0.1045,0.0117,0.0008,anon-host,AMD Instinct MI210,gfx90a,MI210,30,5,20260527_030416,baseline,,0.000,0.000,0,0,0,,,,,,larochette4_FULL_CHUNKOPT_20260527_030416
snappy,small_binary_10.bin,10485760,10.0,65536,2.16,18.59,38.02,0.564,0.276,0.462,0.214,1.239,0.000881,0.0983,0.1218,0.0030,0.0009,anon-host,AMD Instinct MI210,gfx90a,MI210,30,5,20260527_030416,pinned,,1.894,1.412,10485760,0,0,,,,,,larochette4_FULL_CHUNKOPT_20260527_030416
cascaded,large_binary_1024.bin,1073741824,1024.0,65536,2.56,48.47,83.94,22.155,12.792,38.534,15.038,75.727,0.001352,0.8115,0.1547,0.4061,0.0236,anon-host,AMD Instinct MI210,gfx90a,MI210,30,5,20260527_030416,adaptive,,8.077,91.079,67108864,67108864,16,,,,,,larochette4_FULL_CHUNKOPT_20260527_030416
cascaded,large_binary_1024.bin,1073741824,1024.0,65536,2.56,48.64,83.95,22.074,12.790,193.300,75.437,290.811,0.001347,0.0212,0.1642,0.0096,0.0251,anon-host,AMD Instinct MI210,gfx90a,MI210,30,5,20260527_030416,baseline,,0.000,0.000,0,0,0,,,,,,larochette4_FULL_CHUNKOPT_20260527_030416
cascaded,large_binary_1024.bin,1073741824,1024.0,65536,2.56,48.40,83.91,22.182,12.796,38.359,14.970,75.511,0.001354,1.0991,0.1717,0.5706,0.0262,anon-host,AMD Instinct MI210,gfx90a,MI210,30,5,20260527_030416,pinned,,134.024,147.327,1073741824,0,0,,,,,,larochette4_FULL_CHUNKOPT_20260527_030416
lz4,large_binary_1024.bin,1073741824,1024.0,65536,3.12,8.76,247.44,122.534,4.339,38.530,12.335,173.399,0.001870,0.0217,3.3797,0.3034,0.0594,anon-host,AMD Instinct MI210,gfx90a,MI210,30,5,20260527_030416,adaptive,,8.454,85.742,67108864,67108864,16,,,,,,larochette4_FULL_CHUNKOPT_20260527_030416
lz4,large_binary_1024.bin,1073741824,1024.0,65536,3.12,8.75,247.32,122.730,4.342,262.496,84.035,469.262,0.001873,0.0498,3.4351,0.7070,0.0604,anon-host,AMD Instinct MI210,gfx90a,MI210,30,5,20260527_030416,baseline,,0.000,0.000,0,0,0,,,,,,larochette4_FULL_CHUNKOPT_20260527_030416
lz4,large_binary_1024.bin,1073741824,1024.0,65536,3.12,8.74,240.01,122.913,4.474,38.352,12.278,173.544,0.001876,0.0197,14.1636,0.2794,0.3779,anon-host,AMD Instinct MI210,gfx90a,MI210,30,5,20260527_030416,pinned,,137.054,205.568,1073741824,0,0,,,,,,larochette4_FULL_CHUNKOPT_20260527_030416
snappy,large_binary_1024.bin,1073741824,1024.0,65536,2.15,23.94,62.31,44.847,17.233,38.523,17.890,101.261,0.000684,0.0163,0.0272,0.0305,0.0075,anon-host,AMD Instinct MI210,gfx90a,MI210,30,5,20260527_030416,adaptive,,8.455,88.548,67108864,67108864,16,,,,,,larochette4_FULL_CHUNKOPT_20260527_030416
snappy,large_binary_1024.bin,1073741824,1024.0,65536,2.15,23.90,62.27,44.929,17.243,231.812,107.652,384.394,0.000686,0.2031,0.0274,0.3994,0.0076,anon-host,AMD Instinct MI210,gfx90a,MI210,30,5,20260527_030416,baseline,,0.000,0.000,0,0,0,,,,,,larochette4_FULL_CHUNKOPT_20260527_030416
snappy,large_binary_1024.bin,1073741824,1024.0,65536,2.15,23.86,62.30,45.004,17.236,38.354,17.811,101.169,0.000687,0.3025,0.0249,0.5991,0.0069,anon-host,AMD Instinct MI210,gfx90a,MI210,30,5,20260527_030416,pinned,,136.643,231.488,1073741824,0,0,,,,,,larochette4_FULL_CHUNKOPT_20260527_030416
cascaded,xlarge_binary_4096.bin,4294967296,4096.0,65536,2.56,49.09,85.04,87.488,50.507,154.118,60.146,301.751,0.001335,0.0104,0.6126,0.0185,0.3779,anon-host,AMD Instinct MI210,gfx90a,MI210,30,5,20260527_030416,adaptive,,10.558,349.478,67108864,67108864,64,,,,,,larochette4_FULL_CHUNKOPT_20260527_030416
cascaded,xlarge_binary_4096.bin,4294967296,4096.0,65536,2.56,49.01,85.17,87.631,50.431,748.840,292.241,1128.712,0.001337,0.4038,0.0314,0.7541,0.0186,anon-host,AMD Instinct MI210,gfx90a,MI210,30,5,20260527_030416,baseline,,0.000,0.000,0,0,0,,,,,,larochette4_FULL_CHUNKOPT_20260527_030416
cascaded,xlarge_binary_4096.bin,4294967296,4096.0,65536,2.56,49.10,85.16,87.483,50.436,153.419,59.873,300.774,0.001335,0.0072,0.0444,0.0128,0.0263,anon-host,AMD Instinct MI210,gfx90a,MI210,30,5,20260527_030416,pinned,,680.190,599.012,4294967296,0,0,,,,,,larochette4_FULL_CHUNKOPT_20260527_030416
lz4,xlarge_binary_4096.bin,4294967296,4096.0,65536,3.12,8.78,265.75,489.278,16.162,154.114,49.338,692.729,0.001866,0.0236,3.2051,1.3124,0.1907,anon-host,AMD Instinct MI210,gfx90a,MI210,30,5,20260527_030416,adaptive,,8.403,354.489,67108864,67108864,64,,,,,,larochette4_FULL_CHUNKOPT_20260527_030416
lz4,xlarge_binary_4096.bin,4294967296,4096.0,65536,3.12,8.78,264.25,489.283,16.253,1025.832,328.409,1843.525,0.001866,0.0272,0.1959,1.5324,0.0120,anon-host,AMD Instinct MI210,gfx90a,MI210,30,5,20260527_030416,baseline,,0.000,0.000,0,0,0,,,,,,larochette4_FULL_CHUNKOPT_20260527_030416
lz4,xlarge_binary_4096.bin,4294967296,4096.0,65536,3.12,8.78,266.80,489.011,16.098,153.400,49.109,691.520,0.001865,0.0476,3.9276,2.7143,0.2339,anon-host,AMD Instinct MI210,gfx90a,MI210,30,5,20260527_030416,pinned,,533.070,382.431,4294967296,0,0,,,,,,larochette4_FULL_CHUNKOPT_20260527_030416
snappy,xlarge_binary_4096.bin,4294967296,4096.0,65536,2.15,23.95,62.65,179.308,68.560,154.134,71.570,405.012,0.000684,0.2800,0.0073,2.1616,0.0080,anon-host,AMD Instinct MI210,gfx90a,MI210,30,5,20260527_030416,adaptive,,10.733,383.410,67108864,67108864,64,,,,,,larochette4_FULL_CHUNKOPT_20260527_030416
snappy,xlarge_binary_4096.bin,4294967296,4096.0,65536,2.15,24.05,62.51,178.575,68.707,1143.261,530.861,1852.698,0.000681,0.0544,0.6866,0.4082,0.8002,anon-host,AMD Instinct MI210,gfx90a,MI210,30,5,20260527_030416,baseline,,0.000,0.000,0,0,0,,,,,,larochette4_FULL_CHUNKOPT_20260527_030416
snappy,xlarge_binary_4096.bin,4294967296,4096.0,65536,2.15,24.00,62.25,178.991,69.000,153.416,71.237,403.645,0.000683,0.2336,1.4106,1.8209,1.7089,anon-host,AMD Instinct MI210,gfx90a,MI210,30,5,20260527_030416,pinned,,673.801,901.998,4294967296,0,0,,,,,,larochette4_FULL_CHUNKOPT_20260527_030416
cascaded,medium_random_100.bin,104857600,100.0,65536,1.00,31.02,152.15,3.380,0.689,3.968,3.968,11.316,0.002112,0.1484,2.6624,0.0162,0.0120,anon-host,AMD Instinct MI210,gfx90a,MI210,30,5,20260527_030416,adaptive,,12.214,17.640,67108864,67108864,2,,,,,,larochette4_FULL_CHUNKOPT_20260527_030416
cascaded,medium_random_100.bin,104857600,100.0,65536,1.00,31.03,152.06,3.379,0.690,19.214,19.217,41.810,0.002112,0.1609,2.9942,0.0176,0.0134,anon-host,AMD Instinct MI210,gfx90a,MI210,30,5,20260527_030416,baseline,,0.000,0.000,0,0,0,,,,,,larochette4_FULL_CHUNKOPT_20260527_030416
cascaded,medium_random_100.bin,104857600,100.0,65536,1.00,30.99,152.10,3.384,0.689,3.774,3.774,10.932,0.002115,0.0831,2.1522,0.0091,0.0098,anon-host,AMD Instinct MI210,gfx90a,MI210,30,5,20260527_030416,pinned,,21.838,15.645,104857600,0,0,,,,,,larochette4_FULL_CHUNKOPT_20260527_030416
lz4,medium_random_100.bin,104857600,100.0,65536,1.00,2.66,169.30,39.394,0.619,4.022,4.039,47.455,0.006155,0.0026,1.8079,0.0386,0.0066,anon-host,AMD Instinct MI210,gfx90a,MI210,30,5,20260527_030416,adaptive,,11.867,16.870,67108864,67108864,2,,,,,,larochette4_FULL_CHUNKOPT_20260527_030416
lz4,medium_random_100.bin,104857600,100.0,65536,1.00,2.66,169.14,39.462,0.620,30.289,30.410,100.161,0.006166,0.0261,1.2329,0.4075,0.0045,anon-host,AMD Instinct MI210,gfx90a,MI210,30,5,20260527_030416,baseline,,0.000,0.000,0,0,0,,,,,,larochette4_FULL_CHUNKOPT_20260527_030416
lz4,medium_random_100.bin,104857600,100.0,65536,1.00,2.66,169.65,39.449,0.618,3.779,3.794,47.021,0.006164,0.0248,1.0215,0.3856,0.0037,anon-host,AMD Instinct MI210,gfx90a,MI210,30,5,20260527_030416,pinned,,22.012,17.626,104857600,0,0,,,,,,larochette4_FULL_CHUNKOPT_20260527_030416
snappy,medium_random_100.bin,104857600,100.0,65536,0.99,27.02,105.29,3.881,0.996,4.111,4.144,12.137,0.000606,0.1835,0.4608,0.0264,0.0044,anon-host,AMD Instinct MI210,gfx90a,MI210,30,5,20260527_030416,adaptive,,12.812,21.035,67108864,67108864,2,,,,,,larochette4_FULL_CHUNKOPT_20260527_030416
snappy,medium_random_100.bin,104857600,100.0,65536,0.99,27.01,105.33,3.882,0.995,32.435,32.694,69.011,0.000607,0.2139,0.7009,0.0307,0.0067,anon-host,AMD Instinct MI210,gfx90a,MI210,30,5,20260527_030416,baseline,,0.000,0.000,0,0,0,,,,,,larochette4_FULL_CHUNKOPT_20260527_030416
snappy,medium_random_100.bin,104857600,100.0,65536,0.99,27.02,105.24,3.881,0.996,3.828,3.859,11.568,0.000606,0.1997,0.6481,0.0287,0.0062,anon-host,AMD Instinct MI210,gfx90a,MI210,30,5,20260527_030416,pinned,,21.422,17.815,104857600,0,0,,,,,,larochette4_FULL_CHUNKOPT_20260527_030416
cascaded,small_random_10.bin,10485760,10.0,65536,1.00,13.79,115.33,0.761,0.091,0.456,0.457,1.674,0.004754,0.0604,1.1065,0.0034,0.0009,anon-host,AMD Instinct MI210,gfx90a,MI210,30,5,20260527_030416,adaptive,,1.777,1.729,10485760,10485760,1,,,,,,larochette4_FULL_CHUNKOPT_20260527_030416
cascaded,small_random_10.bin,10485760,10.0,65536,1.00,13.76,114.53,0.762,0.092,2.193,2.194,5.149,0.004763,0.0580,1.4413,0.0033,0.0012,anon-host,AMD Instinct MI210,gfx90a,MI210,30,5,20260527_030416,baseline,,0.000,0.000,0,0,0,,,,,,larochette4_FULL_CHUNKOPT_20260527_030416
cascaded,small_random_10.bin,10485760,10.0,65536,1.00,13.78,115.15,0.761,0.091,0.456,0.456,1.673,0.004757,0.0555,1.2114,0.0031,0.0010,anon-host,AMD Instinct MI210,gfx90a,MI210,30,5,20260527_030416,pinned,,1.941,1.549,10485760,0,0,,,,,,larochette4_FULL_CHUNKOPT_20260527_030416
lz4,small_random_10.bin,10485760,10.0,65536,1.00,1.91,81.63,5.501,0.128,0.461,0.463,6.425,0.008595,0.0052,0.8844,0.0150,0.0014,anon-host,AMD Instinct MI210,gfx90a,MI210,30,5,20260527_030416,adaptive,,1.771,1.473,10485760,10485760,1,,,,,,larochette4_FULL_CHUNKOPT_20260527_030416
lz4,small_random_10.bin,10485760,10.0,65536,1.00,1.91,81.53,5.501,0.129,3.139,3.151,11.790,0.008595,0.0062,0.7540,0.0178,0.0012,anon-host,AMD Instinct MI210,gfx90a,MI210,30,5,20260527_030416,baseline,,0.000,0.000,0,0,0,,,,,,larochette4_FULL_CHUNKOPT_20260527_030416
lz4,small_random_10.bin,10485760,10.0,65536,1.00,1.91,81.29,5.501,0.129,0.460,0.462,6.424,0.008595,0.0067,1.1096,0.0194,0.0018,anon-host,AMD Instinct MI210,gfx90a,MI210,30,5,20260527_030416,pinned,,2.013,1.581,10485760,0,0,,,,,,larochette4_FULL_CHUNKOPT_20260527_030416
snappy,small_random_10.bin,10485760,10.0,65536,0.99,23.66,66.56,0.443,0.158,0.461,0.465,1.369,0.000692,0.0575,0.8135,0.0011,0.0019,anon-host,AMD Instinct MI210,gfx90a,MI210,30,5,20260527_030416,adaptive,,1.999,1.795,10485760,10485760,1,,,,,,larochette4_FULL_CHUNKOPT_20260527_030416
snappy,small_random_10.bin,10485760,10.0,65536,0.99,23.53,66.48,0.446,0.158,3.214,3.240,6.900,0.000696,0.6538,0.7975,0.0144,0.0019,anon-host,AMD Instinct MI210,gfx90a,MI210,30,5,20260527_030416,baseline,,0.000,0.000,0,0,0,,,,,,larochette4_FULL_CHUNKOPT_20260527_030416
snappy,small_random_10.bin,10485760,10.0,65536,0.99,23.66,66.67,0.443,0.157,0.464,0.468,1.375,0.000693,0.0690,0.6347,0.0013,0.0015,anon-host,AMD Instinct MI210,gfx90a,MI210,30,5,20260527_030416,pinned,,2.053,1.618,10485760,0,0,,,,,,larochette4_FULL_CHUNKOPT_20260527_030416
cascaded,large_random_1024.bin,1073741824,1024.0,65536,1.00,33.65,290.45,31.908,3.697,38.546,38.550,109.005,0.001948,0.7760,24.2118,0.8354,0.5167,anon-host,AMD Instinct MI210,gfx90a,MI210,30,5,20260527_030416,adaptive,,14.249,87.863,67108864,67108864,16,,,,,,larochette4_FULL_CHUNKOPT_20260527_030416
cascaded,large_random_1024.bin,1073741824,1024.0,65536,1.00,33.73,296.76,31.836,3.618,170.530,170.551,372.917,0.001943,0.3960,6.9872,0.3980,0.0860,anon-host,AMD Instinct MI210,gfx90a,MI210,30,5,20260527_030416,baseline,,0.000,0.000,0,0,0,,,,,,larochette4_FULL_CHUNKOPT_20260527_030416
cascaded,large_random_1024.bin,1073741824,1024.0,65536,1.00,33.81,303.12,31.763,3.542,38.364,38.369,108.496,0.001939,0.0147,5.4598,0.0138,0.0637,anon-host,AMD Instinct MI210,gfx90a,MI210,30,5,20260527_030416,pinned,,171.689,119.103,1073741824,0,0,,,,,,larochette4_FULL_CHUNKOPT_20260527_030416
lz4,large_random_1024.bin,1073741824,1024.0,65536,1.00,2.75,199.17,390.526,5.391,38.536,38.691,467.753,0.005959,0.0088,1.4439,1.2667,0.0391,anon-host,AMD Instinct MI210,gfx90a,MI210,30,5,20260527_030416,adaptive,,10.006,91.302,67108864,67108864,16,,,,,,larochette4_FULL_CHUNKOPT_20260527_030416
lz4,large_random_1024.bin,1073741824,1024.0,65536,1.00,2.75,199.87,390.368,5.372,333.521,334.864,1058.753,0.005957,0.0047,1.4390,0.6737,0.0385,anon-host,AMD Instinct MI210,gfx90a,MI210,30,5,20260527_030416,baseline,,0.000,0.000,0,0,0,,,,,,larochette4_FULL_CHUNKOPT_20260527_030416
lz4,large_random_1024.bin,1073741824,1024.0,65536,1.00,2.75,199.81,390.513,5.374,38.359,38.513,467.385,0.005959,0.0067,1.7959,0.9560,0.0476,anon-host,AMD Instinct MI210,gfx90a,MI210,30,5,20260527_030416,pinned,,168.580,296.082,1073741824,0,0,,,,,,larochette4_FULL_CHUNKOPT_20260527_030416
snappy,large_random_1024.bin,1073741824,1024.0,65536,0.99,28.70,114.71,37.407,9.360,38.700,39.009,115.116,0.000571,0.3647,0.1999,0.5087,0.0164,anon-host,AMD Instinct MI210,gfx90a,MI210,30,5,20260527_030416,adaptive,,10.755,110.809,67108864,67108864,16,,,,,,larochette4_FULL_CHUNKOPT_20260527_030416
snappy,large_random_1024.bin,1073741824,1024.0,65536,0.99,28.72,114.71,37.387,9.361,329.427,332.061,698.874,0.000570,0.2940,0.1263,0.4040,0.0103,anon-host,AMD Instinct MI210,gfx90a,MI210,30,5,20260527_030416,baseline,,0.000,0.000,0,0,0,,,,,,larochette4_FULL_CHUNKOPT_20260527_030416
snappy,large_random_1024.bin,1073741824,1024.0,65536,0.99,28.77,114.70,37.318,9.361,40.008,40.328,117.654,0.000569,0.0211,0.1466,0.0274,0.0120,anon-host,AMD Instinct MI210,gfx90a,MI210,30,5,20260527_030416,pinned,,135.187,147.923,1073741824,0,0,,,,,,larochette4_FULL_CHUNKOPT_20260527_030416
cascaded,xlarge_random_4096.bin,4294967296,4096.0,65536,1.00,34.13,362.64,125.858,11.844,154.117,154.135,434.111,0.001920,0.1488,2.5606,0.5571,0.0826,anon-host,AMD Instinct MI210,gfx90a,MI210,30,5,20260527_030416,adaptive,,10.231,348.916,67108864,67108864,64,,,,,,larochette4_FULL_CHUNKOPT_20260527_030416
cascaded,xlarge_random_4096.bin,4294967296,4096.0,65536,1.00,34.11,361.29,125.904,11.888,709.690,709.777,1545.371,0.001921,0.1841,3.1139,0.6932,0.1012,anon-host,AMD Instinct MI210,gfx90a,MI210,30,5,20260527_030416,baseline,,0.000,0.000,0,0,0,,,,,,larochette4_FULL_CHUNKOPT_20260527_030416
cascaded,xlarge_random_4096.bin,4294967296,4096.0,65536,1.00,34.16,364.22,125.734,11.792,154.801,154.820,435.355,0.001919,0.0070,5.2542,0.0256,0.1683,anon-host,AMD Instinct MI210,gfx90a,MI210,30,5,20260527_030416,pinned,,536.177,658.824,4294967296,0,0,,,,,,larochette4_FULL_CHUNKOPT_20260527_030416
lz4,xlarge_random_4096.bin,4294967296,4096.0,65536,1.00,2.76,192.01,1557.971,22.368,154.121,154.742,1866.835,0.005943,0.0049,4.1575,2.8065,0.5086,anon-host,AMD Instinct MI210,gfx90a,MI210,30,5,20260527_030416,adaptive,,8.440,361.439,67108864,67108864,64,,,,,,larochette4_FULL_CHUNKOPT_20260527_030416
lz4,xlarge_random_4096.bin,4294967296,4096.0,65536,1.00,2.76,192.26,1558.152,22.339,1234.562,1239.533,4032.247,0.005944,0.0058,1.6406,3.3166,0.1874,anon-host,AMD Instinct MI210,gfx90a,MI210,30,5,20260527_030416,baseline,,0.000,0.000,0,0,0,,,,,,larochette4_FULL_CHUNKOPT_20260527_030416
lz4,xlarge_random_4096.bin,4294967296,4096.0,65536,1.00,2.76,191.92,1557.653,22.379,153.407,154.025,1865.085,0.005942,0.0034,0.8846,1.9331,0.1032,anon-host,AMD Instinct MI210,gfx90a,MI210,30,5,20260527_030416,pinned,,680.408,603.091,4294967296,0,0,,,,,,larochette4_FULL_CHUNKOPT_20260527_030416
snappy,xlarge_random_4096.bin,4294967296,4096.0,65536,0.99,28.90,115.09,148.604,37.318,154.099,155.331,458.034,0.000567,0.0822,2.1526,0.4289,0.7727,anon-host,AMD Instinct MI210,gfx90a,MI210,30,5,20260527_030416,adaptive,,9.886,357.869,67108864,67108864,64,,,,,,larochette4_FULL_CHUNKOPT_20260527_030416
snappy,xlarge_random_4096.bin,4294967296,4096.0,65536,0.99,28.89,115.52,148.667,37.180,1123.967,1132.954,2405.587,0.000567,0.1561,0.0694,0.8261,0.0223,anon-host,AMD Instinct MI210,gfx90a,MI210,30,5,20260527_030416,baseline,,0.000,0.000,0,0,0,,,,,,larochette4_FULL_CHUNKOPT_20260527_030416
snappy,xlarge_random_4096.bin,4294967296,4096.0,65536,0.99,28.84,115.50,148.900,37.186,153.406,154.633,456.939,0.000568,0.3565,0.0733,1.9665,0.0236,anon-host,AMD Instinct MI210,gfx90a,MI210,30,5,20260527_030416,pinned,,686.230,846.703,4294967296,0,0,,,,,,larochette4_FULL_CHUNKOPT_20260527_030416
cascaded,medium_TTI_100.bin,104857600,100.0,65536,1.04,32.56,118.65,3.220,0.884,4.184,4.014,11.417,0.002013,0.1607,1.7698,0.0160,0.0133,anon-host,AMD Instinct MI210,gfx90a,MI210,30,5,20260527_030416,adaptive,,12.548,28.698,67108864,67108864,2,,,,,,larochette4_FULL_CHUNKOPT_20260527_030416
cascaded,medium_TTI_100.bin,104857600,100.0,65536,1.04,32.54,118.77,3.222,0.883,19.534,18.741,41.497,0.002014,0.1707,1.6011,0.0169,0.0119,anon-host,AMD Instinct MI210,gfx90a,MI210,30,5,20260527_030416,baseline,,0.000,0.000,0,0,0,,,,,,larochette4_FULL_CHUNKOPT_20260527_030416
cascaded,medium_TTI_100.bin,104857600,100.0,65536,1.04,32.53,118.70,3.224,0.883,3.780,3.627,10.631,0.002015,0.2069,1.7727,0.0206,0.0136,anon-host,AMD Instinct MI210,gfx90a,MI210,30,5,20260527_030416,pinned,,20.910,15.510,104857600,0,0,,,,,,larochette4_FULL_CHUNKOPT_20260527_030416
lz4,medium_TTI_100.bin,104857600,100.0,65536,1.06,2.77,132.66,37.885,0.790,4.106,3.886,45.878,0.005920,0.0612,3.1501,0.9003,0.0184,anon-host,AMD Instinct MI210,gfx90a,MI210,30,5,20260527_030416,adaptive,,12.550,18.427,67108864,67108864,2,,,,,,larochette4_FULL_CHUNKOPT_20260527_030416
lz4,medium_TTI_100.bin,104857600,100.0,65536,1.06,2.81,129.70,37.300,0.808,30.508,28.875,96.684,0.005828,0.0376,1.1888,0.5119,0.0073,anon-host,AMD Instinct MI210,gfx90a,MI210,30,5,20260527_030416,baseline,,0.000,0.000,0,0,0,,,,,,larochette4_FULL_CHUNKOPT_20260527_030416
lz4,medium_TTI_100.bin,104857600,100.0,65536,1.06,2.74,129.41,38.285,0.810,4.338,4.106,46.730,0.005982,0.0424,1.0862,0.6169,0.0068,anon-host,AMD Instinct MI210,gfx90a,MI210,30,5,20260527_030416,pinned,,28.895,24.669,104857600,0,0,,,,,,larochette4_FULL_CHUNKOPT_20260527_030416
snappy,medium_TTI_100.bin,104857600,100.0,65536,1.05,25.79,87.99,4.067,1.192,4.116,3.917,12.099,0.000635,0.1795,0.3231,0.0284,0.0044,anon-host,AMD Instinct MI210,gfx90a,MI210,30,5,20260527_030416,adaptive,,11.624,16.442,67108864,67108864,2,,,,,,larochette4_FULL_CHUNKOPT_20260527_030416
snappy,medium_TTI_100.bin,104857600,100.0,65536,1.05,25.11,87.79,4.177,1.194,30.353,28.882,63.411,0.000653,1.9599,0.3807,0.5364,0.0052,anon-host,AMD Instinct MI210,gfx90a,MI210,30,5,20260527_030416,baseline,,0.000,0.000,0,0,0,,,,,,larochette4_FULL_CHUNKOPT_20260527_030416
snappy,medium_TTI_100.bin,104857600,100.0,65536,1.05,25.80,87.85,4.065,1.194,3.775,3.592,11.432,0.000635,0.1979,0.4871,0.0313,0.0067,anon-host,AMD Instinct MI210,gfx90a,MI210,30,5,20260527_030416,pinned,,21.150,15.975,104857600,0,0,,,,,,larochette4_FULL_CHUNKOPT_20260527_030416
zfp,medium_TTI_100.bin,104857600,100.0,65536,1.18,12.05,15.51,8.701,6.759,26.508,0.000,35.208,8.700667,0.4385,2.6576,0.3394,4.4401,anon-host,AMD Instinct MI210,gfx90a,MI210,30,5,20260527_030416,acc,1e12,,,,,,2.7057e-10,1.8958e-11,177.88,1.8219e-08,1.4852e-02,larochette4_FULL_CHUNKOPT_20260527_030416
zfp,medium_TTI_100.bin,104857600,100.0,65536,5.24,17.96,37.23,5.839,2.817,27.354,0.000,33.193,5.838582,0.2382,1.0667,0.0764,0.0898,anon-host,AMD Instinct MI210,gfx90a,MI210,30,5,20260527_030416,acc,1e3,,,,,,2.9350e-04,3.5141e-05,52.52,1.9762e-02,1.4852e-02,larochette4_FULL_CHUNKOPT_20260527_030416
zfp,medium_TTI_100.bin,104857600,100.0,65536,3.26,16.01,30.90,6.552,3.393,26.741,0.000,33.293,6.551510,0.1990,0.9454,0.0834,0.1167,anon-host,AMD Instinct MI210,gfx90a,MI210,30,5,20260527_030416,acc,1e4,,,,,,1.9785e-05,2.5184e-06,75.41,1.3322e-03,1.4852e-02,larochette4_FULL_CHUNKOPT_20260527_030416
zfp,medium_TTI_100.bin,104857600,100.0,65536,2.52,14.97,25.09,7.007,4.179,26.012,0.000,33.019,7.006774,0.1352,0.3842,0.0640,0.0667,anon-host,AMD Instinct MI210,gfx90a,MI210,30,5,20260527_030416,acc,1e5,,,,,,2.4706e-06,3.2536e-07,93.19,1.6635e-04,1.4852e-02,larochette4_FULL_CHUNKOPT_20260527_030416
zfp,medium_TTI_100.bin,104857600,100.0,65536,2.06,12.66,22.26,8.284,4.710,24.485,0.000,32.769,8.283502,1.9971,0.5397,4.7887,0.1107,anon-host,AMD Instinct MI210,gfx90a,MI210,30,5,20260527_030416,acc,1e6,,,,,,2.8685e-07,4.0799e-08,111.22,1.9314e-05,1.4852e-02,larochette4_FULL_CHUNKOPT_20260527_030416
zfp,medium_TTI_100.bin,104857600,100.0,65536,1.27,13.66,16.83,7.675,6.230,26.261,0.000,33.936,7.674633,1.3127,2.8217,0.8219,2.8685,anon-host,AMD Instinct MI210,gfx90a,MI210,30,5,20260527_030416,acc,1e9,,,,,,4.6566e-10,4.4528e-11,170.46,3.1354e-08,1.4852e-02,larochette4_FULL_CHUNKOPT_20260527_030416
zfp,medium_TTI_100.bin,104857600,100.0,65536,2.71,17.68,32.83,5.930,3.194,27.625,0.000,33.555,5.929997,3.0610,1.5527,0.9047,0.1538,anon-host,AMD Instinct MI210,gfx90a,MI210,30,5,20260527_030416,prec,16,,,,,,1.2264e-05,8.7901e-07,84.56,8.2575e-04,1.4852e-02,larochette4_FULL_CHUNKOPT_20260527_030416
zfp,medium_TTI_100.bin,104857600,100.0,65536,1.64,14.17,22.27,7.401,4.709,26.623,0.000,34.024,7.400856,0.8984,3.3849,0.6248,2.3380,anon-host,AMD Instinct MI210,gfx90a,MI210,30,5,20260527_030416,prec,24,,,,,,4.4635e-08,3.4686e-09,132.63,3.0054e-06,1.4852e-02,larochette4_FULL_CHUNKOPT_20260527_030416
zfp,medium_TTI_100.bin,104857600,100.0,65536,7.31,20.62,53.48,5.086,1.961,26.600,0.000,31.686,5.085983,1.4119,4.0658,0.3165,0.1504,anon-host,AMD Instinct MI210,gfx90a,MI210,30,5,20260527_030416,prec,8,,,,,,2.5559e-03,1.6158e-04,39.27,1.7210e-01,1.4852e-02,larochette4_FULL_CHUNKOPT_20260527_030416
zfp,medium_TTI_100.bin,104857600,100.0,65536,2.00,24.91,27.59,4.210,3.800,25.967,0.000,30.177,4.209845,1.4351,0.0710,0.2229,0.0098,anon-host,AMD Instinct MI210,gfx90a,MI210,30,5,20260527_030416,rate,16,,,,,,7.2585e-07,3.5087e-08,112.53,4.8873e-05,1.4852e-02,larochette4_FULL_CHUNKOPT_20260527_030416
zfp,medium_TTI_100.bin,104857600,100.0,65536,1.33,19.14,20.11,5.478,5.215,27.992,0.000,33.469,5.477814,0.3519,0.8953,0.0991,0.2479,anon-host,AMD Instinct MI210,gfx90a,MI210,30,5,20260527_030416,rate,24,,,,,,2.9104e-09,1.3986e-10,160.52,1.9596e-07,1.4852e-02,larochette4_FULL_CHUNKOPT_20260527_030416
zfp,medium_TTI_100.bin,104857600,100.0,65536,8.00,53.53,54.73,1.959,1.916,25.120,0.000,27.079,1.958866,4.5110,2.2197,0.1365,0.0710,anon-host,AMD Instinct MI210,gfx90a,MI210,30,5,20260527_030416,rate,4,,,,,,2.4137e-03,1.1728e-04,42.05,1.6252e-01,1.4852e-02,larochette4_FULL_CHUNKOPT_20260527_030416
zfp,medium_TTI_100.bin,104857600,100.0,65536,4.00,38.37,39.91,2.733,2.627,25.582,0.000,28.315,2.732989,0.8580,0.2855,0.0638,0.0190,anon-host,AMD Instinct MI210,gfx90a,MI210,30,5,20260527_030416,rate,8,,,,,,1.8413e-04,8.1958e-06,65.16,1.2398e-02,1.4852e-02,larochette4_FULL_CHUNKOPT_20260527_030416
cascaded,small_TTI_10.bin,10485760,10.0,65536,1.61,14.48,25.08,0.724,0.418,0.467,0.289,1.481,0.004526,0.0480,0.1993,0.0024,0.0034,anon-host,AMD Instinct MI210,gfx90a,MI210,30,5,20260527_030416,adaptive,,2.023,1.706,10485760,10485760,1,,,,,,larochette4_FULL_CHUNKOPT_20260527_030416
cascaded,small_TTI_10.bin,10485760,10.0,65536,1.61,14.39,25.06,0.729,0.418,2.461,1.525,4.715,0.004554,0.0337,0.1104,0.0017,0.0019,anon-host,AMD Instinct MI210,gfx90a,MI210,30,5,20260527_030416,baseline,,0.000,0.000,0,0,0,,,,,,larochette4_FULL_CHUNKOPT_20260527_030416
cascaded,small_TTI_10.bin,10485760,10.0,65536,1.61,14.38,25.14,0.729,0.417,0.474,0.294,1.496,0.004557,0.0408,0.2108,0.0021,0.0036,anon-host,AMD Instinct MI210,gfx90a,MI210,30,5,20260527_030416,pinned,,1.999,1.648,10485760,0,0,,,,,,larochette4_FULL_CHUNKOPT_20260527_030416
lz4,small_TTI_10.bin,10485760,10.0,65536,1.65,1.71,21.36,6.125,0.491,0.475,0.288,6.889,0.009571,0.0140,0.0864,0.0505,0.0020,anon-host,AMD Instinct MI210,gfx90a,MI210,30,5,20260527_030416,adaptive,,1.817,1.443,10485760,10485760,1,,,,,,larochette4_FULL_CHUNKOPT_20260527_030416
lz4,small_TTI_10.bin,10485760,10.0,65536,1.65,1.71,21.50,6.131,0.488,2.516,1.526,10.174,0.009580,0.0155,0.0889,0.0560,0.0020,anon-host,AMD Instinct MI210,gfx90a,MI210,30,5,20260527_030416,baseline,,0.000,0.000,0,0,0,,,,,,larochette4_FULL_CHUNKOPT_20260527_030416
lz4,small_TTI_10.bin,10485760,10.0,65536,1.65,1.71,21.39,6.134,0.490,0.472,0.286,6.892,0.009585,0.0148,0.0986,0.0534,0.0023,anon-host,AMD Instinct MI210,gfx90a,MI210,30,5,20260527_030416,pinned,,1.939,1.428,10485760,0,0,,,,,,larochette4_FULL_CHUNKOPT_20260527_030416
snappy,small_TTI_10.bin,10485760,10.0,65536,1.60,18.35,46.78,0.571,0.224,0.473,0.296,1.341,0.000893,0.0954,0.9074,0.0030,0.0042,anon-host,AMD Instinct MI210,gfx90a,MI210,30,5,20260527_030416,adaptive,,1.820,1.430,10485760,10485760,1,,,,,,larochette4_FULL_CHUNKOPT_20260527_030416
snappy,small_TTI_10.bin,10485760,10.0,65536,1.60,18.29,46.44,0.573,0.226,3.621,2.262,6.456,0.000896,0.2768,0.8468,0.0092,0.0041,anon-host,AMD Instinct MI210,gfx90a,MI210,30,5,20260527_030416,baseline,,0.000,0.000,0,0,0,,,,,,larochette4_FULL_CHUNKOPT_20260527_030416
snappy,small_TTI_10.bin,10485760,10.0,65536,1.60,18.35,46.88,0.571,0.224,0.473,0.296,1.340,0.000893,0.0894,1.1110,0.0028,0.0051,anon-host,AMD Instinct MI210,gfx90a,MI210,30,5,20260527_030416,pinned,,2.010,1.614,10485760,0,0,,,,,,larochette4_FULL_CHUNKOPT_20260527_030416
zfp,small_TTI_10.bin,10485760,10.0,65536,1.90,5.67,10.17,1.850,1.031,7.260,0.000,9.110,1.850398,0.9895,0.8732,0.2450,0.0799,anon-host,AMD Instinct MI210,gfx90a,MI210,30,5,20260527_030416,acc,1e12,,,,,,2.9104e-10,1.0251e-11,182.93,2.0263e-08,1.4363e-02,larochette4_FULL_CHUNKOPT_20260527_030416
zfp,small_TTI_10.bin,10485760,10.0,65536,8.56,5.48,10.57,1.913,0.992,7.589,0.000,9.502,1.912919,0.9094,0.9280,0.2438,0.0714,anon-host,AMD Instinct MI210,gfx90a,MI210,30,5,20260527_030416,acc,1e3,,,,,,2.8086e-04,2.8241e-05,54.13,1.9554e-02,1.4363e-02,larochette4_FULL_CHUNKOPT_20260527_030416
zfp,small_TTI_10.bin,10485760,10.0,65536,5.48,5.81,12.16,1.803,0.862,7.677,0.000,9.481,1.803440,0.2142,0.3918,0.0718,0.0272,anon-host,AMD Instinct MI210,gfx90a,MI210,30,5,20260527_030416,acc,1e4,,,,,,1.6898e-05,1.9424e-06,77.38,1.1765e-03,1.4363e-02,larochette4_FULL_CHUNKOPT_20260527_030416
zfp,small_TTI_10.bin,10485760,10.0,65536,4.28,5.91,11.57,1.775,0.907,7.057,0.000,8.832,1.775197,0.1817,0.4714,0.0530,0.0379,anon-host,AMD Instinct MI210,gfx90a,MI210,30,5,20260527_030416,acc,1e5,,,,,,2.2054e-06,2.4567e-07,95.34,1.5354e-04,1.4363e-02,larochette4_FULL_CHUNKOPT_20260527_030416
zfp,small_TTI_10.bin,10485760,10.0,65536,3.50,5.58,10.73,1.879,0.977,7.376,0.000,9.256,1.879377,0.2104,0.3547,0.0690,0.0339,anon-host,AMD Instinct MI210,gfx90a,MI210,30,5,20260527_030416,acc,1e6,,,,,,2.4907e-07,3.0970e-08,113.33,1.7341e-05,1.4363e-02,larochette4_FULL_CHUNKOPT_20260527_030416
zfp,small_TTI_10.bin,10485760,10.0,65536,2.15,6.12,10.74,1.714,0.977,7.334,0.000,9.049,1.714417,1.3377,1.1325,0.2984,0.0940,anon-host,AMD Instinct MI210,gfx90a,MI210,30,5,20260527_030416,acc,1e9,,,,,,4.6566e-10,3.2975e-11,172.78,3.2420e-08,1.4363e-02,larochette4_FULL_CHUNKOPT_20260527_030416
zfp,small_TTI_10.bin,10485760,10.0,65536,3.94,6.00,11.83,1.747,0.886,6.689,0.000,8.436,1.747180,0.5852,0.5685,0.1420,0.0387,anon-host,AMD Instinct MI210,gfx90a,MI210,30,5,20260527_030416,prec,16,,,,,,1.1240e-05,4.9202e-07,89.31,7.8257e-04,1.4363e-02,larochette4_FULL_CHUNKOPT_20260527_030416
zfp,small_TTI_10.bin,10485760,10.0,65536,2.44,5.72,10.68,1.833,0.982,7.866,0.000,9.699,1.833342,0.8278,0.6003,0.1981,0.0515,anon-host,AMD Instinct MI210,gfx90a,MI210,30,5,20260527_030416,prec,24,,,,,,4.2492e-08,1.9228e-09,137.47,2.9584e-06,1.4363e-02,larochette4_FULL_CHUNKOPT_20260527_030416
zfp,small_TTI_10.bin,10485760,10.0,65536,9.99,5.31,11.04,1.976,0.950,7.240,0.000,9.216,1.975816,0.1318,0.3995,0.0497,0.0375,anon-host,AMD Instinct MI210,gfx90a,MI210,30,5,20260527_030416,prec,8,,,,,,2.2678e-03,1.0360e-04,42.84,1.5789e-01,1.4363e-02,larochette4_FULL_CHUNKOPT_20260527_030416
zfp,small_TTI_10.bin,10485760,10.0,65536,2.00,8.81,11.57,1.191,0.906,7.047,0.000,8.238,1.190567,1.0328,1.3409,0.1141,0.0925,anon-host,AMD Instinct MI210,gfx90a,MI210,30,5,20260527_030416,rate,16,,,,,,6.4471e-07,2.6130e-08,114.80,4.4886e-05,1.4363e-02,larochette4_FULL_CHUNKOPT_20260527_030416
zfp,small_TTI_10.bin,10485760,10.0,65536,1.33,8.31,10.48,1.262,1.001,6.655,0.000,7.918,1.262332,0.6515,0.2280,0.0834,0.0231,anon-host,AMD Instinct MI210,gfx90a,MI210,30,5,20260527_030416,rate,24,,,,,,1.9718e-09,1.0359e-10,162.84,1.3728e-07,1.4363e-02,larochette4_FULL_CHUNKOPT_20260527_030416
zfp,small_TTI_10.bin,10485760,10.0,65536,8.00,11.77,16.63,0.891,0.631,7.205,0.000,8.097,0.891139,1.8562,2.9143,0.1139,0.0848,anon-host,AMD Instinct MI210,gfx90a,MI210,30,5,20260527_030416,rate,4,,,,,,1.9736e-03,9.0104e-05,44.05,1.3741e-01,1.4363e-02,larochette4_FULL_CHUNKOPT_20260527_030416
zfp,small_TTI_10.bin,10485760,10.0,65536,4.00,10.35,13.89,1.013,0.755,6.975,0.000,7.988,1.013129,0.9462,1.4667,0.0766,0.0663,anon-host,AMD Instinct MI210,gfx90a,MI210,30,5,20260527_030416,rate,8,,,,,,1.4276e-04,6.6709e-06,66.66,9.9394e-03,1.4363e-02,larochette4_FULL_CHUNKOPT_20260527_030416
cascaded,large_TTI_1024.bin,1073741824,1024.0,65536,1.02,35.11,239.37,30.582,4.486,38.696,37.869,107.146,0.001867,0.6236,2.1855,0.5981,0.0411,anon-host,AMD Instinct MI210,gfx90a,MI210,30,5,20260527_030416,adaptive,,12.647,107.041,67108864,67108864,16,,,,,,larochette4_FULL_CHUNKOPT_20260527_030416
cascaded,large_TTI_1024.bin,1073741824,1024.0,65536,1.02,35.15,237.01,30.545,4.530,213.951,209.380,453.876,0.001864,0.4166,1.6543,0.3856,0.0319,anon-host,AMD Instinct MI210,gfx90a,MI210,30,5,20260527_030416,baseline,,0.000,0.000,0,0,0,,,,,,larochette4_FULL_CHUNKOPT_20260527_030416
cascaded,large_TTI_1024.bin,1073741824,1024.0,65536,1.02,35.15,237.82,30.545,4.515,38.356,37.537,106.438,0.001864,0.4293,1.1143,0.3981,0.0210,anon-host,AMD Instinct MI210,gfx90a,MI210,30,5,20260527_030416,pinned,,168.265,176.774,1073741824,0,0,,,,,,larochette4_FULL_CHUNKOPT_20260527_030416
lz4,large_TTI_1024.bin,1073741824,1024.0,65536,1.04,2.84,183.51,378.627,5.851,38.539,37.226,454.392,0.005777,0.0049,1.9352,0.6616,0.0621,anon-host,AMD Instinct MI210,gfx90a,MI210,30,5,20260527_030416,adaptive,,9.806,94.418,67108864,67108864,16,,,,,,larochette4_FULL_CHUNKOPT_20260527_030416
lz4,large_TTI_1024.bin,1073741824,1024.0,65536,1.04,2.84,184.03,378.647,5.835,230.415,222.564,831.625,0.005778,0.0057,2.0826,0.7612,0.0660,anon-host,AMD Instinct MI210,gfx90a,MI210,30,5,20260527_030416,baseline,,0.000,0.000,0,0,0,,,,,,larochette4_FULL_CHUNKOPT_20260527_030416
lz4,large_TTI_1024.bin,1073741824,1024.0,65536,1.04,2.84,183.66,378.616,5.846,38.359,37.052,454.028,0.005777,0.0054,1.8399,0.7302,0.0588,anon-host,AMD Instinct MI210,gfx90a,MI210,30,5,20260527_030416,pinned,,168.792,216.504,1073741824,0,0,,,,,,larochette4_FULL_CHUNKOPT_20260527_030416
snappy,large_TTI_1024.bin,1073741824,1024.0,65536,1.03,27.63,96.50,38.860,11.127,38.531,37.384,114.776,0.000593,0.2151,0.1153,0.3151,0.0133,anon-host,AMD Instinct MI210,gfx90a,MI210,30,5,20260527_030416,adaptive,,9.945,87.819,67108864,67108864,16,,,,,,larochette4_FULL_CHUNKOPT_20260527_030416
snappy,large_TTI_1024.bin,1073741824,1024.0,65536,1.03,27.66,95.68,38.817,11.222,299.978,291.047,629.842,0.000592,0.0289,3.2927,0.0406,0.4694,anon-host,AMD Instinct MI210,gfx90a,MI210,30,5,20260527_030416,baseline,,0.000,0.000,0,0,0,,,,,,larochette4_FULL_CHUNKOPT_20260527_030416
snappy,large_TTI_1024.bin,1073741824,1024.0,65536,1.03,27.62,96.49,38.871,11.128,38.354,37.212,114.437,0.000593,0.2143,0.1060,0.3140,0.0122,anon-host,AMD Instinct MI210,gfx90a,MI210,30,5,20260527_030416,pinned,,170.071,284.687,1073741824,0,0,,,,,,larochette4_FULL_CHUNKOPT_20260527_030416
zfp,large_TTI_1024.bin,1073741824,1024.0,65536,1.15,11.80,20.04,91.032,53.583,233.239,0.000,324.271,91.031634,2.4889,3.4164,23.9030,16.1180,anon-host,AMD Instinct MI210,gfx90a,MI210,30,5,20260527_030416,acc,1e12,,,,,,2.9104e-10,1.7852e-11,179.81,1.6655e-08,1.7475e-02,larochette4_FULL_CHUNKOPT_20260527_030416
zfp,large_TTI_1024.bin,1073741824,1024.0,65536,5.34,21.81,61.43,49.223,17.479,1106.539,0.000,1155.762,49.223175,4.7256,9.3434,15.4617,8.0725,anon-host,AMD Instinct MI210,gfx90a,MI210,30,5,20260527_030416,acc,1e3,,,,,,3.5624e-04,3.6491e-05,53.60,2.0386e-02,1.7475e-02,larochette4_FULL_CHUNKOPT_20260527_030416
zfp,large_TTI_1024.bin,1073741824,1024.0,65536,3.26,19.74,38.51,54.399,27.880,259.551,0.000,313.950,54.399076,3.1568,9.9438,10.0502,22.1582,anon-host,AMD Instinct MI210,gfx90a,MI210,30,5,20260527_030416,acc,1e4,,,,,,1.9809e-05,2.5830e-06,76.61,1.1336e-03,1.7475e-02,larochette4_FULL_CHUNKOPT_20260527_030416
zfp,large_TTI_1024.bin,1073741824,1024.0,65536,2.50,18.06,39.69,59.460,27.055,1111.763,0.000,1171.223,59.460261,3.1886,2.0483,14.2886,1.4123,anon-host,AMD Instinct MI210,gfx90a,MI210,30,5,20260527_030416,acc,1e5,,,,,,2.4941e-06,3.3025e-07,94.47,1.4272e-04,1.7475e-02,larochette4_FULL_CHUNKOPT_20260527_030416
zfp,large_TTI_1024.bin,1073741824,1024.0,65536,2.03,15.84,32.72,67.797,32.820,221.549,0.000,289.346,67.797459,3.3748,3.2553,20.2155,5.4152,anon-host,AMD Instinct MI210,gfx90a,MI210,30,5,20260527_030416,acc,1e6,,,,,,3.0037e-07,4.1363e-08,112.52,1.7188e-05,1.7475e-02,larochette4_FULL_CHUNKOPT_20260527_030416
zfp,large_TTI_1024.bin,1073741824,1024.0,65536,1.25,13.02,20.05,82.462,53.550,232.003,0.000,314.465,82.461965,2.3370,3.9536,21.2123,15.8620,anon-host,AMD Instinct MI210,gfx90a,MI210,30,5,20260527_030416,acc,1e9,,,,,,4.6566e-10,4.4564e-11,171.87,2.6647e-08,1.7475e-02,larochette4_FULL_CHUNKOPT_20260527_030416
zfp,large_TTI_1024.bin,1073741824,1024.0,65536,2.66,18.60,41.52,57.716,25.858,254.552,0.000,312.268,57.715971,3.8185,8.2353,19.2875,12.2261,anon-host,AMD Instinct MI210,gfx90a,MI210,30,5,20260527_030416,prec,16,,,,,,1.2473e-05,8.2070e-07,86.56,7.1378e-04,1.7475e-02,larochette4_FULL_CHUNKOPT_20260527_030416
zfp,large_TTI_1024.bin,1073741824,1024.0,65536,1.60,13.21,24.68,81.313,43.501,459.913,0.000,541.226,81.312804,2.6935,7.2764,20.5030,25.2147,anon-host,AMD Instinct MI210,gfx90a,MI210,30,5,20260527_030416,prec,24,,,,,,4.4471e-08,3.2266e-09,134.67,2.5448e-06,1.7475e-02,larochette4_FULL_CHUNKOPT_20260527_030416
zfp,large_TTI_1024.bin,1073741824,1024.0,65536,7.30,20.15,83.09,53.293,12.922,1001.786,0.000,1055.079,53.293210,5.2258,13.3462,25.2421,6.7913,anon-host,AMD Instinct MI210,gfx90a,MI210,30,5,20260527_030416,prec,8,,,,,,3.6545e-03,1.5359e-04,41.12,2.0913e-01,1.7475e-02,larochette4_FULL_CHUNKOPT_20260527_030416
zfp,large_TTI_1024.bin,1073741824,1024.0,65536,2.00,29.87,29.76,35.947,36.074,141.398,0.000,177.345,35.947185,7.0307,5.5053,17.7831,14.0240,anon-host,AMD Instinct MI210,gfx90a,MI210,30,5,20260527_030416,rate,16,,,,,,9.4068e-07,3.2154e-08,114.70,5.3830e-05,1.7475e-02,larochette4_FULL_CHUNKOPT_20260527_030416
zfp,large_TTI_1024.bin,1073741824,1024.0,65536,1.33,23.36,19.63,45.964,54.686,223.742,0.000,269.706,45.964448,3.4983,4.9321,14.1876,22.1840,anon-host,AMD Instinct MI210,gfx90a,MI210,30,5,20260527_030416,rate,24,,,,,,3.6822e-09,1.2807e-10,162.70,2.1071e-07,1.7475e-02,larochette4_FULL_CHUNKOPT_20260527_030416
zfp,large_TTI_1024.bin,1073741824,1024.0,65536,8.00,54.38,38.47,19.746,27.912,126.995,0.000,146.741,19.745688,26.6306,21.0100,22.2688,60.2233,anon-host,AMD Instinct MI210,gfx90a,MI210,30,5,20260527_030416,rate,4,,,,,,3.3526e-03,1.0785e-04,44.19,1.9185e-01,1.7475e-02,larochette4_FULL_CHUNKOPT_20260527_030416
zfp,large_TTI_1024.bin,1073741824,1024.0,65536,4.00,24.98,56.32,42.976,19.066,369.215,0.000,412.191,42.975828,20.5549,0.3452,66.2959,0.1174,anon-host,AMD Instinct MI210,gfx90a,MI210,30,5,20260527_030416,rate,8,,,,,,2.3458e-04,7.6413e-06,67.18,1.3423e-02,1.7475e-02,larochette4_FULL_CHUNKOPT_20260527_030416
cascaded,xlarge_TTI_4096.bin,4294967296,4096.0,65536,1.02,35.66,257.05,120.450,16.709,154.122,150.398,424.970,0.001838,0.0088,0.8556,0.0298,0.0548,anon-host,AMD Instinct MI210,gfx90a,MI210,30,5,20260527_030416,adaptive,,10.632,362.853,67108864,67108864,64,,,,,,larochette4_FULL_CHUNKOPT_20260527_030416
cascaded,xlarge_TTI_4096.bin,4294967296,4096.0,65536,1.02,35.60,257.01,120.645,16.711,766.121,747.607,1634.373,0.001841,0.1997,0.8358,0.6909,0.0536,anon-host,AMD Instinct MI210,gfx90a,MI210,30,5,20260527_030416,baseline,,0.000,0.000,0,0,0,,,,,,larochette4_FULL_CHUNKOPT_20260527_030416
cascaded,xlarge_TTI_4096.bin,4294967296,4096.0,65536,1.02,35.62,256.86,120.561,16.721,153.432,149.724,423.716,0.001840,0.1431,0.8582,0.4944,0.0551,anon-host,AMD Instinct MI210,gfx90a,MI210,30,5,20260527_030416,pinned,,680.328,592.485,4294967296,0,0,,,,,,larochette4_FULL_CHUNKOPT_20260527_030416
lz4,xlarge_TTI_4096.bin,4294967296,4096.0,65536,1.04,2.87,196.08,1495.589,21.904,154.162,148.501,1798.252,0.005705,0.0030,1.3792,1.5482,0.1515,anon-host,AMD Instinct MI210,gfx90a,MI210,30,5,20260527_030416,adaptive,,10.765,374.134,67108864,67108864,64,,,,,,larochette4_FULL_CHUNKOPT_20260527_030416
lz4,xlarge_TTI_4096.bin,4294967296,4096.0,65536,1.04,2.87,195.98,1496.328,21.916,1010.835,973.719,3480.881,0.005708,0.0054,0.7685,2.8383,0.0862,anon-host,AMD Instinct MI210,gfx90a,MI210,30,5,20260527_030416,baseline,,0.000,0.000,0,0,0,,,,,,larochette4_FULL_CHUNKOPT_20260527_030416
lz4,xlarge_TTI_4096.bin,4294967296,4096.0,65536,1.04,2.87,196.21,1495.912,21.890,153.405,147.772,1797.088,0.005706,0.0040,0.8921,2.0942,0.0998,anon-host,AMD Instinct MI210,gfx90a,MI210,30,5,20260527_030416,pinned,,682.208,481.105,4294967296,0,0,,,,,,larochette4_FULL_CHUNKOPT_20260527_030416
snappy,xlarge_TTI_4096.bin,4294967296,4096.0,65536,1.03,27.81,97.19,154.467,44.190,154.120,149.139,457.726,0.000589,0.0066,0.0474,0.0365,0.0215,anon-host,AMD Instinct MI210,gfx90a,MI210,30,5,20260527_030416,adaptive,,10.530,371.165,67108864,67108864,64,,,,,,larochette4_FULL_CHUNKOPT_20260527_030416
snappy,xlarge_TTI_4096.bin,4294967296,4096.0,65536,1.03,27.76,96.75,154.702,44.391,1140.055,1103.209,2397.966,0.000590,0.1443,2.0402,0.8206,1.0506,anon-host,AMD Instinct MI210,gfx90a,MI210,30,5,20260527_030416,baseline,,0.000,0.000,0,0,0,,,,,,larochette4_FULL_CHUNKOPT_20260527_030416
snappy,xlarge_TTI_4096.bin,4294967296,4096.0,65536,1.03,27.79,97.02,154.540,44.268,153.434,148.475,456.448,0.000590,0.0717,0.7790,0.4042,0.3708,anon-host,AMD Instinct MI210,gfx90a,MI210,30,5,20260527_030416,pinned,,684.555,725.496,4294967296,0,0,,,,,,larochette4_FULL_CHUNKOPT_20260527_030416
zfp,xlarge_TTI_4096.bin,4294967296,4096.0,65536,1.13,12.05,18.93,356.292,226.883,492.548,0.000,848.840,356.291787,0.9627,2.4431,28.2913,30.0368,anon-host,AMD Instinct MI210,gfx90a,MI210,30,5,20260527_030416,acc,1e12,,,,,,4.6566e-10,1.6197e-11,180.78,2.6286e-08,1.7715e-02,larochette4_FULL_CHUNKOPT_20260527_030416
zfp,xlarge_TTI_4096.bin,4294967296,4096.0,65536,5.37,19.69,55.87,218.105,76.880,607.887,0.000,825.993,218.105246,4.6485,16.5018,65.4108,37.8220,anon-host,AMD Instinct MI210,gfx90a,MI210,30,5,20260527_030416,acc,1e3,,,,,,3.5342e-04,3.7169e-05,53.56,1.9950e-02,1.7715e-02,larochette4_FULL_CHUNKOPT_20260527_030416
zfp,xlarge_TTI_4096.bin,4294967296,4096.0,65536,3.25,19.95,43.47,215.262,98.804,501.926,0.000,717.187,215.261751,2.3664,7.7905,28.6876,25.2364,anon-host,AMD Instinct MI210,gfx90a,MI210,30,5,20260527_030416,acc,1e4,,,,,,2.1458e-05,2.6140e-06,76.62,1.2112e-03,1.7715e-02,larochette4_FULL_CHUNKOPT_20260527_030416
zfp,xlarge_TTI_4096.bin,4294967296,4096.0,65536,2.49,17.59,36.63,244.223,117.250,588.479,0.000,832.702,244.222923,2.4608,6.2873,37.2211,23.5304,anon-host,AMD Instinct MI210,gfx90a,MI210,30,5,20260527_030416,acc,1e5,,,,,,2.8480e-06,3.3275e-07,94.52,1.6076e-04,1.7715e-02,larochette4_FULL_CHUNKOPT_20260527_030416
zfp,xlarge_TTI_4096.bin,4294967296,4096.0,65536,2.02,14.19,25.81,302.724,166.428,555.961,0.000,858.685,302.723931,2.8134,6.6738,98.2395,61.9491,anon-host,AMD Instinct MI210,gfx90a,MI210,30,5,20260527_030416,acc,1e6,,,,,,3.3644e-07,4.1640e-08,112.58,1.8991e-05,1.7715e-02,larochette4_FULL_CHUNKOPT_20260527_030416
zfp,xlarge_TTI_4096.bin,4294967296,4096.0,65536,1.24,12.26,19.52,350.422,220.069,940.350,0.000,1290.772,350.421633,1.1596,2.4485,31.4517,27.8303,anon-host,AMD Instinct MI210,gfx90a,MI210,30,5,20260527_030416,acc,1e9,,,,,,4.6566e-10,4.4203e-11,172.06,2.6286e-08,1.7715e-02,larochette4_FULL_CHUNKOPT_20260527_030416
zfp,xlarge_TTI_4096.bin,4294967296,4096.0,65536,2.60,18.94,46.75,226.767,91.866,539.102,0.000,765.868,226.766738,2.1003,4.0821,27.9925,13.5039,anon-host,AMD Instinct MI210,gfx90a,MI210,30,5,20260527_030416,prec,16,,,,,,1.5154e-05,7.4423e-07,87.53,8.5544e-04,1.7715e-02,larochette4_FULL_CHUNKOPT_20260527_030416
zfp,xlarge_TTI_4096.bin,4294967296,4096.0,65536,1.58,14.27,23.94,301.031,179.397,711.211,0.000,1012.243,301.031225,1.4247,4.7044,30.0941,32.6630,anon-host,AMD Instinct MI210,gfx90a,MI210,30,5,20260527_030416,prec,24,,,,,,5.1909e-08,2.9184e-09,135.66,2.9302e-06,1.7715e-02,larochette4_FULL_CHUNKOPT_20260527_030416
zfp,xlarge_TTI_4096.bin,4294967296,4096.0,65536,7.12,23.29,67.69,184.391,63.449,850.487,0.000,1034.878,184.391469,4.3877,25.0678,45.9597,33.2800,anon-host,AMD Instinct MI210,gfx90a,MI210,30,5,20260527_030416,prec,8,,,,,,3.8986e-03,1.4070e-04,42.00,2.2007e-01,1.7715e-02,larochette4_FULL_CHUNKOPT_20260527_030416
zfp,xlarge_TTI_4096.bin,4294967296,4096.0,65536,2.00,28.03,26.50,153.217,162.067,856.151,0.000,1009.368,153.216754,5.5760,4.5088,27.4772,24.9244,anon-host,AMD Instinct MI210,gfx90a,MI210,30,5,20260527_030416,rate,16,,,,,,8.9034e-07,3.0036e-08,115.41,5.0258e-05,1.7715e-02,larochette4_FULL_CHUNKOPT_20260527_030416
zfp,xlarge_TTI_4096.bin,4294967296,4096.0,65536,1.33,19.93,19.68,215.542,218.234,723.247,0.000,938.789,215.541854,3.3010,3.1763,33.9483,35.7519,anon-host,AMD Instinct MI210,gfx90a,MI210,30,5,20260527_030416,rate,24,,,,,,3.6016e-09,1.1952e-10,163.42,2.0330e-07,1.7715e-02,larochette4_FULL_CHUNKOPT_20260527_030416
zfp,xlarge_TTI_4096.bin,4294967296,4096.0,65536,8.00,76.92,69.88,55.834,61.463,975.157,0.000,1030.991,55.834043,23.4276,19.9818,26.3937,22.3549,anon-host,AMD Instinct MI210,gfx90a,MI210,30,5,20260527_030416,rate,4,,,,,,3.1516e-03,1.0088e-04,44.89,1.7790e-01,1.7715e-02,larochette4_FULL_CHUNKOPT_20260527_030416
zfp,xlarge_TTI_4096.bin,4294967296,4096.0,65536,4.00,34.21,27.74,125.564,154.850,891.381,0.000,1016.946,125.564317,20.1001,16.6935,108.3968,120.7734,anon-host,AMD Instinct MI210,gfx90a,MI210,30,5,20260527_030416,rate,8,,,,,,2.1502e-04,7.2055e-06,67.81,1.2137e-02,1.7715e-02,larochette4_FULL_CHUNKOPT_20260527_030416
cascaded,medium_zeros_100.bin,104857600,100.0,65536,92.04,107.02,62.96,0.980,1.666,4.135,0.045,5.159,0.000612,0.6756,0.7516,0.0063,0.0210,anon-host,AMD Instinct MI210,gfx90a,MI210,30,5,20260527_030416,adaptive,,12.089,16.868,67108864,67108864,2,,,,,,larochette4_FULL_CHUNKOPT_20260527_030416
cascaded,medium_zeros_100.bin,104857600,100.0,65536,92.04,106.78,63.05,0.982,1.663,20.053,0.218,21.253,0.000614,0.6138,0.2556,0.0057,0.0067,anon-host,AMD Instinct MI210,gfx90a,MI210,30,5,20260527_030416,baseline,,0.000,0.000,0,0,0,,,,,,larochette4_FULL_CHUNKOPT_20260527_030416
cascaded,medium_zeros_100.bin,104857600,100.0,65536,92.04,106.99,62.94,0.980,1.666,3.780,0.041,4.801,0.000613,0.4787,0.7271,0.0044,0.0203,anon-host,AMD Instinct MI210,gfx90a,MI210,30,5,20260527_030416,pinned,,21.405,14.900,104857600,0,0,,,,,,larochette4_FULL_CHUNKOPT_20260527_030416
lz4,medium_zeros_100.bin,104857600,100.0,65536,218.45,143.15,429.69,0.732,0.244,4.115,0.019,4.867,0.000114,1.0785,5.5143,0.0057,0.0031,anon-host,AMD Instinct MI210,gfx90a,MI210,30,5,20260527_030416,adaptive,,11.419,15.789,67108864,67108864,2,,,,,,larochette4_FULL_CHUNKOPT_20260527_030416
lz4,medium_zeros_100.bin,104857600,100.0,65536,218.45,144.35,433.07,0.726,0.242,27.198,0.125,28.049,0.000114,0.7519,13.7870,0.0038,0.0091,anon-host,AMD Instinct MI210,gfx90a,MI210,30,5,20260527_030416,baseline,,0.000,0.000,0,0,0,,,,,,larochette4_FULL_CHUNKOPT_20260527_030416
lz4,medium_zeros_100.bin,104857600,100.0,65536,218.45,143.44,431.80,0.731,0.243,3.836,0.018,4.584,0.000114,1.0327,7.0118,0.0053,0.0039,anon-host,AMD Instinct MI210,gfx90a,MI210,30,5,20260527_030416,pinned,,22.078,17.752,104857600,0,0,,,,,,larochette4_FULL_CHUNKOPT_20260527_030416
snappy,medium_zeros_100.bin,104857600,100.0,65536,21.20,18.91,73.05,5.545,1.436,4.042,0.191,9.778,0.000866,0.1001,0.2381,0.0294,0.0047,anon-host,AMD Instinct MI210,gfx90a,MI210,30,5,20260527_030416,adaptive,,12.257,17.616,67108864,67108864,2,,,,,,larochette4_FULL_CHUNKOPT_20260527_030416
snappy,medium_zeros_100.bin,104857600,100.0,65536,21.20,18.89,72.93,5.551,1.438,33.849,1.597,40.997,0.000867,0.1140,0.5056,0.0335,0.0102,anon-host,AMD Instinct MI210,gfx90a,MI210,30,5,20260527_030416,baseline,,0.000,0.000,0,0,0,,,,,,larochette4_FULL_CHUNKOPT_20260527_030416
snappy,medium_zeros_100.bin,104857600,100.0,65536,21.20,18.61,73.01,5.634,1.436,3.779,0.178,9.591,0.000880,1.1885,0.2592,0.5313,0.0051,anon-host,AMD Instinct MI210,gfx90a,MI210,30,5,20260527_030416,pinned,,21.588,17.165,104857600,0,0,,,,,,larochette4_FULL_CHUNKOPT_20260527_030416
cascaded,small_zeros_10.bin,10485760,10.0,65536,92.04,45.08,25.73,0.233,0.408,0.471,0.005,0.709,0.001454,0.3719,0.2388,0.0020,0.0040,anon-host,AMD Instinct MI210,gfx90a,MI210,30,5,20260527_030416,adaptive,,1.964,1.439,10485760,10485760,1,,,,,,larochette4_FULL_CHUNKOPT_20260527_030416
cascaded,small_zeros_10.bin,10485760,10.0,65536,92.04,45.15,25.84,0.232,0.406,2.103,0.023,2.358,0.001452,0.3506,0.1127,0.0019,0.0018,anon-host,AMD Instinct MI210,gfx90a,MI210,30,5,20260527_030416,baseline,,0.000,0.000,0,0,0,,,,,,larochette4_FULL_CHUNKOPT_20260527_030416
cascaded,small_zeros_10.bin,10485760,10.0,65536,92.04,44.24,25.63,0.237,0.409,0.464,0.005,0.706,0.001481,0.3142,0.1083,0.0017,0.0018,anon-host,AMD Instinct MI210,gfx90a,MI210,30,5,20260527_030416,pinned,,1.844,1.447,10485760,0,0,,,,,,larochette4_FULL_CHUNKOPT_20260527_030416
lz4,small_zeros_10.bin,10485760,10.0,65536,218.45,58.76,186.16,0.178,0.056,0.459,0.002,0.640,0.000279,0.6789,3.3187,0.0021,0.0010,anon-host,AMD Instinct MI210,gfx90a,MI210,30,5,20260527_030416,adaptive,,1.745,1.557,10485760,10485760,1,,,,,,larochette4_FULL_CHUNKOPT_20260527_030416
lz4,small_zeros_10.bin,10485760,10.0,65536,218.45,58.19,180.32,0.180,0.058,3.634,0.017,3.831,0.000282,0.7373,2.1815,0.0023,0.0007,anon-host,AMD Instinct MI210,gfx90a,MI210,30,5,20260527_030416,baseline,,0.000,0.000,0,0,0,,,,,,larochette4_FULL_CHUNKOPT_20260527_030416
lz4,small_zeros_10.bin,10485760,10.0,65536,218.45,58.27,181.06,0.180,0.058,0.472,0.002,0.654,0.000281,0.7589,3.0607,0.0024,0.0010,anon-host,AMD Instinct MI210,gfx90a,MI210,30,5,20260527_030416,pinned,,2.152,1.738,10485760,0,0,,,,,,larochette4_FULL_CHUNKOPT_20260527_030416
snappy,small_zeros_10.bin,10485760,10.0,65536,21.20,16.56,50.66,0.633,0.207,0.461,0.022,1.116,0.000990,0.0959,0.2509,0.0037,0.0010,anon-host,AMD Instinct MI210,gfx90a,MI210,30,5,20260527_030416,adaptive,,1.733,1.496,10485760,10485760,1,,,,,,larochette4_FULL_CHUNKOPT_20260527_030416
snappy,small_zeros_10.bin,10485760,10.0,65536,21.20,16.50,50.60,0.636,0.207,3.381,0.160,4.176,0.000993,0.3492,0.3152,0.0149,0.0013,anon-host,AMD Instinct MI210,gfx90a,MI210,30,5,20260527_030416,baseline,,0.000,0.000,0,0,0,,,,,,larochette4_FULL_CHUNKOPT_20260527_030416
snappy,small_zeros_10.bin,10485760,10.0,65536,21.20,16.58,50.63,0.633,0.207,0.463,0.022,1.118,0.000988,0.0836,0.1999,0.0032,0.0008,anon-host,AMD Instinct MI210,gfx90a,MI210,30,5,20260527_030416,pinned,,1.825,1.399,10485760,0,0,,,,,,larochette4_FULL_CHUNKOPT_20260527_030416
cascaded,large_zeros_1024.bin,1073741824,1024.0,65536,92.04,116.13,67.59,9.246,15.887,38.536,0.419,48.200,0.000564,0.0517,0.0978,0.0041,0.0230,anon-host,AMD Instinct MI210,gfx90a,MI210,30,5,20260527_030416,adaptive,,8.950,91.808,67108864,67108864,16,,,,,,larochette4_FULL_CHUNKOPT_20260527_030416
cascaded,large_zeros_1024.bin,1073741824,1024.0,65536,92.04,116.08,67.58,9.250,15.888,366.651,3.983,379.884,0.000565,0.0637,0.1964,0.0051,0.0467,anon-host,AMD Instinct MI210,gfx90a,MI210,30,5,20260527_030416,baseline,,0.000,0.000,0,0,0,,,,,,larochette4_FULL_CHUNKOPT_20260527_030416
cascaded,large_zeros_1024.bin,1073741824,1024.0,65536,92.04,116.07,67.59,9.250,15.887,38.358,0.417,48.025,0.000565,0.0719,0.1130,0.0057,0.0266,anon-host,AMD Instinct MI210,gfx90a,MI210,30,5,20260527_030416,pinned,,133.510,93.865,1073741824,0,0,,,,,,larochette4_FULL_CHUNKOPT_20260527_030416
lz4,large_zeros_1024.bin,1073741824,1024.0,65536,218.45,184.78,545.02,5.811,1.970,38.532,0.176,44.520,0.000089,0.6132,1.3576,0.0193,0.0050,anon-host,AMD Instinct MI210,gfx90a,MI210,30,5,20260527_030416,adaptive,,10.018,92.466,67108864,67108864,16,,,,,,larochette4_FULL_CHUNKOPT_20260527_030416
lz4,large_zeros_1024.bin,1073741824,1024.0,65536,218.45,184.76,545.28,5.811,1.969,254.677,1.166,261.654,0.000089,0.5623,1.2942,0.0176,0.0047,anon-host,AMD Instinct MI210,gfx90a,MI210,30,5,20260527_030416,baseline,,0.000,0.000,0,0,0,,,,,,larochette4_FULL_CHUNKOPT_20260527_030416
lz4,large_zeros_1024.bin,1073741824,1024.0,65536,218.45,184.78,545.40,5.811,1.969,38.354,0.176,44.340,0.000089,0.5414,1.1978,0.0170,0.0044,anon-host,AMD Instinct MI210,gfx90a,MI210,30,5,20260527_030416,pinned,,169.980,178.044,1073741824,0,0,,,,,,larochette4_FULL_CHUNKOPT_20260527_030416
snappy,large_zeros_1024.bin,1073741824,1024.0,65536,21.20,20.01,78.31,53.670,13.712,38.526,1.818,94.013,0.000819,0.1238,0.0624,0.3429,0.0109,anon-host,AMD Instinct MI210,gfx90a,MI210,30,5,20260527_030416,adaptive,,10.154,95.346,67108864,67108864,16,,,,,,larochette4_FULL_CHUNKOPT_20260527_030416
snappy,large_zeros_1024.bin,1073741824,1024.0,65536,21.20,19.98,77.76,53.749,13.808,357.164,16.851,427.764,0.000820,0.3143,2.5706,0.9204,0.5503,anon-host,AMD Instinct MI210,gfx90a,MI210,30,5,20260527_030416,baseline,,0.000,0.000,0,0,0,,,,,,larochette4_FULL_CHUNKOPT_20260527_030416
snappy,large_zeros_1024.bin,1073741824,1024.0,65536,21.20,20.03,77.98,53.594,13.770,38.354,1.810,93.758,0.000818,0.0149,1.5766,0.0398,0.3109,anon-host,AMD Instinct MI210,gfx90a,MI210,30,5,20260527_030416,pinned,,169.731,264.062,1073741824,0,0,,,,,,larochette4_FULL_CHUNKOPT_20260527_030416
cascaded,xlarge_zeros_4096.bin,4294967296,4096.0,65536,92.04,117.29,68.59,36.619,62.622,154.121,1.674,192.414,0.000559,0.0306,0.6000,0.0096,0.5736,anon-host,AMD Instinct MI210,gfx90a,MI210,30,5,20260527_030416,adaptive,,10.336,348.599,67108864,67108864,64,,,,,,larochette4_FULL_CHUNKOPT_20260527_030416
cascaded,xlarge_zeros_4096.bin,4294967296,4096.0,65536,92.04,117.28,68.62,36.622,62.591,667.066,7.247,710.935,0.000559,0.0384,0.4090,0.0120,0.3850,anon-host,AMD Instinct MI210,gfx90a,MI210,30,5,20260527_030416,baseline,,0.000,0.000,0,0,0,,,,,,larochette4_FULL_CHUNKOPT_20260527_030416
cascaded,xlarge_zeros_4096.bin,4294967296,4096.0,65536,92.04,117.26,68.68,36.627,62.539,155.870,1.693,194.191,0.000559,0.0230,0.0237,0.0072,0.0216,anon-host,AMD Instinct MI210,gfx90a,MI210,30,5,20260527_030416,pinned,,679.058,654.280,4294967296,0,0,,,,,,larochette4_FULL_CHUNKOPT_20260527_030416
lz4,xlarge_zeros_4096.bin,4294967296,4096.0,65536,218.45,191.70,553.89,22.404,7.754,154.126,0.706,177.236,0.000085,1.8243,0.4836,0.2094,0.0068,anon-host,AMD Instinct MI210,gfx90a,MI210,30,5,20260527_030416,adaptive,,10.505,376.524,67108864,67108864,64,,,,,,larochette4_FULL_CHUNKOPT_20260527_030416
lz4,xlarge_zeros_4096.bin,4294967296,4096.0,65536,218.45,192.00,553.81,22.370,7.755,1435.939,6.573,1464.882,0.000085,1.6039,0.2974,0.1843,0.0042,anon-host,AMD Instinct MI210,gfx90a,MI210,30,5,20260527_030416,baseline,,0.000,0.000,0,0,0,,,,,,larochette4_FULL_CHUNKOPT_20260527_030416
lz4,xlarge_zeros_4096.bin,4294967296,4096.0,65536,218.45,192.04,536.73,22.365,8.002,153.387,0.702,176.454,0.000085,2.3765,48.5418,0.2715,1.3285,anon-host,AMD Instinct MI210,gfx90a,MI210,30,5,20260527_030416,pinned,,539.822,547.628,4294967296,0,0,,,,,,larochette4_FULL_CHUNKOPT_20260527_030416
snappy,xlarge_zeros_4096.bin,4294967296,4096.0,65536,21.20,20.05,78.85,214.250,54.470,154.097,7.270,375.617,0.000817,0.2373,0.0461,2.6317,0.0319,anon-host,AMD Instinct MI210,gfx90a,MI210,30,5,20260527_030416,adaptive,,10.516,353.534,67108864,67108864,64,,,,,,larochette4_FULL_CHUNKOPT_20260527_030416
snappy,xlarge_zeros_4096.bin,4294967296,4096.0,65536,21.20,20.11,78.84,213.535,54.474,1171.591,55.276,1440.401,0.000815,0.0483,0.0375,0.5188,0.0259,anon-host,AMD Instinct MI210,gfx90a,MI210,30,5,20260527_030416,baseline,,0.000,0.000,0,0,0,,,,,,larochette4_FULL_CHUNKOPT_20260527_030416
snappy,xlarge_zeros_4096.bin,4294967296,4096.0,65536,21.20,20.12,78.36,213.417,54.810,153.400,7.237,374.054,0.000814,0.0064,2.3334,0.0680,1.9286,anon-host,AMD Instinct MI210,gfx90a,MI210,30,5,20260527_030416,pinned,,680.121,608.674,4294967296,0,0,,,,,,larochette4_FULL_CHUNKOPT_20260527_030416
cascaded,medium_binary_100.bin,104857600,100.0,65536,2.56,176.87,279.77,0.593,0.375,1.942,0.759,3.294,0.000046,0.4766,11.0844,0.0016,0.0186,anon-host,AMD Instinct MI300X,gfx942,MI300X,30,5,20260527_192549,adaptive,,11.307,8.871,79691776,79691776,2,,,,,,vianden_FULL_CHUNKOPT_20260527_192549
cascaded,medium_binary_100.bin,104857600,100.0,65536,2.56,176.89,280.51,0.593,0.374,125.035,48.903,174.530,0.000046,0.8003,2.9777,0.0027,0.0041,anon-host,AMD Instinct MI300X,gfx942,MI300X,30,5,20260527_192549,baseline,,0.000,0.000,0,0,0,,,,,,vianden_FULL_CHUNKOPT_20260527_192549
cascaded,medium_binary_100.bin,104857600,100.0,65536,2.56,176.70,282.08,0.593,0.372,1.938,0.758,3.289,0.000046,0.4139,0.5154,0.0014,0.0007,anon-host,AMD Instinct MI300X,gfx942,MI300X,30,5,20260527_192549,pinned,,17.974,14.017,104857600,0,0,,,,,,vianden_FULL_CHUNKOPT_20260527_192549
lz4,medium_binary_100.bin,104857600,100.0,65536,2.98,47.52,1158.17,2.206,0.091,1.949,0.655,4.810,0.000172,0.6905,35.5713,0.0316,0.0027,anon-host,AMD Instinct MI300X,gfx942,MI300X,30,5,20260527_192549,adaptive,,11.137,8.835,79691776,79691776,2,,,,,,vianden_FULL_CHUNKOPT_20260527_192549
lz4,medium_binary_100.bin,104857600,100.0,65536,2.98,48.04,1194.62,2.183,0.088,47.408,15.920,65.511,0.000171,0.9630,22.9340,0.0436,0.0018,anon-host,AMD Instinct MI300X,gfx942,MI300X,30,5,20260527_192549,baseline,,0.000,0.000,0,0,0,,,,,,vianden_FULL_CHUNKOPT_20260527_192549
lz4,medium_binary_100.bin,104857600,100.0,65536,2.98,48.06,1194.74,2.182,0.088,1.927,0.647,4.757,0.000170,0.9646,27.8520,0.0434,0.0021,anon-host,AMD Instinct MI300X,gfx942,MI300X,30,5,20260527_192549,pinned,,14.562,11.051,104857600,0,0,,,,,,vianden_FULL_CHUNKOPT_20260527_192549
snappy,medium_binary_100.bin,104857600,100.0,65536,2.73,76.90,205.33,1.364,0.511,1.942,0.710,4.016,0.000107,9.8302,0.8068,0.4584,0.0020,anon-host,AMD Instinct MI300X,gfx942,MI300X,30,5,20260527_192549,adaptive,,10.823,8.367,79691776,79691776,2,,,,,,vianden_FULL_CHUNKOPT_20260527_192549
snappy,medium_binary_100.bin,104857600,100.0,65536,2.73,82.00,205.03,1.279,0.511,49.264,18.017,68.559,0.000100,0.4499,1.1232,0.0070,0.0028,anon-host,AMD Instinct MI300X,gfx942,MI300X,30,5,20260527_192549,baseline,,0.000,0.000,0,0,0,,,,,,vianden_FULL_CHUNKOPT_20260527_192549
snappy,medium_binary_100.bin,104857600,100.0,65536,2.73,82.42,204.69,1.272,0.512,1.932,0.707,3.911,0.000099,0.5986,2.8756,0.0093,0.0077,anon-host,AMD Instinct MI300X,gfx942,MI300X,30,5,20260527_192549,pinned,,14.150,10.995,104857600,0,0,,,,,,vianden_FULL_CHUNKOPT_20260527_192549
cascaded,small_binary_10.bin,10485760,10.0,65536,2.56,102.66,138.62,0.102,0.076,0.466,0.182,0.751,0.000080,1.7711,1.9246,0.0019,0.0010,anon-host,AMD Instinct MI300X,gfx942,MI300X,30,5,20260527_192549,adaptive,,2.417,1.834,10485760,10485760,1,,,,,,vianden_FULL_CHUNKOPT_20260527_192549
cascaded,small_binary_10.bin,10485760,10.0,65536,2.56,101.88,141.61,0.103,0.074,5.703,2.231,8.037,0.000080,6.0038,1.2674,0.0086,0.0007,anon-host,AMD Instinct MI300X,gfx942,MI300X,30,5,20260527_192549,baseline,,0.000,0.000,0,0,0,,,,,,vianden_FULL_CHUNKOPT_20260527_192549
cascaded,small_binary_10.bin,10485760,10.0,65536,2.56,102.13,130.75,0.103,0.080,0.569,0.222,0.894,0.000080,1.2790,14.8919,0.0013,0.0198,anon-host,AMD Instinct MI300X,gfx942,MI300X,30,5,20260527_192549,pinned,,2.966,2.139,10485760,0,0,,,,,,vianden_FULL_CHUNKOPT_20260527_192549
lz4,small_binary_10.bin,10485760,10.0,65536,2.98,18.54,365.68,0.566,0.029,0.311,0.104,0.981,0.000442,0.0585,34.2659,0.0018,0.0034,anon-host,AMD Instinct MI300X,gfx942,MI300X,30,5,20260527_192549,adaptive,,1.810,1.250,10485760,10485760,1,,,,,,vianden_FULL_CHUNKOPT_20260527_192549
lz4,small_binary_10.bin,10485760,10.0,65536,2.98,18.56,389.41,0.565,0.027,6.897,2.316,9.778,0.000441,0.0508,14.5745,0.0015,0.0010,anon-host,AMD Instinct MI300X,gfx942,MI300X,30,5,20260527_192549,baseline,,0.000,0.000,0,0,0,,,,,,vianden_FULL_CHUNKOPT_20260527_192549
lz4,small_binary_10.bin,10485760,10.0,65536,2.98,18.56,384.70,0.565,0.027,0.280,0.094,0.939,0.000441,0.0526,7.4627,0.0016,0.0005,anon-host,AMD Instinct MI300X,gfx942,MI300X,30,5,20260527_192549,pinned,,1.609,1.185,10485760,0,0,,,,,,vianden_FULL_CHUNKOPT_20260527_192549
snappy,small_binary_10.bin,10485760,10.0,65536,2.73,57.99,106.98,0.181,0.098,0.443,0.162,0.785,0.000141,0.9133,0.7399,0.0031,0.0007,anon-host,AMD Instinct MI300X,gfx942,MI300X,30,5,20260527_192549,adaptive,,2.483,1.970,10485760,10485760,1,,,,,,vianden_FULL_CHUNKOPT_20260527_192549
snappy,small_binary_10.bin,10485760,10.0,65536,2.73,57.91,106.86,0.181,0.098,5.121,1.873,7.175,0.000141,0.6613,1.1274,0.0021,0.0010,anon-host,AMD Instinct MI300X,gfx942,MI300X,30,5,20260527_192549,baseline,,0.000,0.000,0,0,0,,,,,,vianden_FULL_CHUNKOPT_20260527_192549
snappy,small_binary_10.bin,10485760,10.0,65536,2.73,58.24,106.85,0.180,0.098,0.241,0.088,0.509,0.000141,0.6744,1.0126,0.0022,0.0009,anon-host,AMD Instinct MI300X,gfx942,MI300X,30,5,20260527_192549,pinned,,1.542,1.068,10485760,0,0,,,,,,vianden_FULL_CHUNKOPT_20260527_192549
cascaded,large_binary_1024.bin,1073741824,1024.0,65536,2.56,177.79,279.79,6.039,3.838,20.252,7.921,34.213,0.000046,0.3586,3.8934,0.0122,0.0558,anon-host,AMD Instinct MI300X,gfx942,MI300X,30,5,20260527_192549,adaptive,,14.327,82.304,79691776,79691776,14,,,,,,vianden_FULL_CHUNKOPT_20260527_192549
cascaded,large_binary_1024.bin,1073741824,1024.0,65536,2.56,177.87,280.54,6.037,3.827,562.468,219.989,788.494,0.000046,0.3278,1.7334,0.0111,0.0237,anon-host,AMD Instinct MI300X,gfx942,MI300X,30,5,20260527_192549,baseline,,0.000,0.000,0,0,0,,,,,,vianden_FULL_CHUNKOPT_20260527_192549
cascaded,large_binary_1024.bin,1073741824,1024.0,65536,2.56,177.93,281.07,6.035,3.820,20.351,7.960,34.345,0.000046,0.3114,1.3840,0.0106,0.0188,anon-host,AMD Instinct MI300X,gfx942,MI300X,30,5,20260527_192549,pinned,,188.833,269.565,1073741824,0,0,,,,,,vianden_FULL_CHUNKOPT_20260527_192549
lz4,large_binary_1024.bin,1073741824,1024.0,65536,2.98,51.60,1265.07,20.809,0.849,21.602,7.254,49.665,0.000159,0.3262,11.1035,0.1317,0.0073,anon-host,AMD Instinct MI300X,gfx942,MI300X,30,5,20260527_192549,adaptive,,14.097,85.101,79691776,79691776,14,,,,,,vianden_FULL_CHUNKOPT_20260527_192549
lz4,large_binary_1024.bin,1073741824,1024.0,65536,2.98,51.73,1262.96,20.755,0.850,511.509,171.772,704.037,0.000158,0.2119,3.4697,0.0852,0.0023,anon-host,AMD Instinct MI300X,gfx942,MI300X,30,5,20260527_192549,baseline,,0.000,0.000,0,0,0,,,,,,vianden_FULL_CHUNKOPT_20260527_192549
lz4,large_binary_1024.bin,1073741824,1024.0,65536,2.98,51.65,1260.22,20.790,0.852,20.510,6.888,48.188,0.000159,0.1903,9.5574,0.0766,0.0067,anon-host,AMD Instinct MI300X,gfx942,MI300X,30,5,20260527_192549,pinned,,188.542,270.986,1073741824,0,0,,,,,,vianden_FULL_CHUNKOPT_20260527_192549
snappy,large_binary_1024.bin,1073741824,1024.0,65536,2.73,83.14,214.93,12.915,4.996,23.916,8.746,45.577,0.000099,0.1358,3.3259,0.0211,0.0832,anon-host,AMD Instinct MI300X,gfx942,MI300X,30,5,20260527_192549,adaptive,,14.277,82.251,79691776,79691776,14,,,,,,vianden_FULL_CHUNKOPT_20260527_192549
snappy,large_binary_1024.bin,1073741824,1024.0,65536,2.73,83.16,214.92,12.912,4.996,604.399,221.042,838.352,0.000099,0.1151,3.3580,0.0179,0.0841,anon-host,AMD Instinct MI300X,gfx942,MI300X,30,5,20260527_192549,baseline,,0.000,0.000,0,0,0,,,,,,vianden_FULL_CHUNKOPT_20260527_192549
snappy,large_binary_1024.bin,1073741824,1024.0,65536,2.73,83.19,215.60,12.907,4.980,20.480,7.490,40.878,0.000098,0.1373,0.9152,0.0213,0.0211,anon-host,AMD Instinct MI300X,gfx942,MI300X,30,5,20260527_192549,pinned,,191.040,207.770,1073741824,0,0,,,,,,vianden_FULL_CHUNKOPT_20260527_192549
cascaded,xlarge_binary_4096.bin,4294967296,4096.0,65536,2.56,176.67,270.79,24.310,15.861,79.848,31.230,135.388,0.000046,9.5441,7.7937,1.8159,0.5361,anon-host,AMD Instinct MI300X,gfx942,MI300X,30,5,20260527_192549,adaptive,,14.079,338.441,79691776,79691776,54,,,,,,vianden_FULL_CHUNKOPT_20260527_192549
cascaded,xlarge_binary_4096.bin,4294967296,4096.0,65536,2.56,179.32,269.62,23.952,15.930,2829.564,1106.680,3960.196,0.000046,0.1266,11.7966,0.0170,0.8992,anon-host,AMD Instinct MI300X,gfx942,MI300X,30,5,20260527_192549,baseline,,0.000,0.000,0,0,0,,,,,,vianden_FULL_CHUNKOPT_20260527_192549
cascaded,xlarge_binary_4096.bin,4294967296,4096.0,65536,2.56,179.29,270.62,23.956,15.871,79.412,31.059,134.427,0.000046,0.0548,8.8626,0.0073,0.6252,anon-host,AMD Instinct MI300X,gfx942,MI300X,30,5,20260527_192549,pinned,,760.029,1167.412,4294967296,0,0,,,,,,vianden_FULL_CHUNKOPT_20260527_192549
lz4,xlarge_binary_4096.bin,4294967296,4096.0,65536,2.98,53.49,1300.02,80.292,3.304,80.023,26.873,187.188,0.000153,0.1344,7.4184,0.2021,0.0188,anon-host,AMD Instinct MI300X,gfx942,MI300X,30,5,20260527_192549,adaptive,,10.894,339.826,79691776,79691776,54,,,,,,vianden_FULL_CHUNKOPT_20260527_192549
lz4,xlarge_binary_4096.bin,4294967296,4096.0,65536,2.98,53.56,1301.93,80.187,3.299,2858.853,960.045,3899.085,0.000153,0.1324,9.0528,0.1981,0.0230,anon-host,AMD Instinct MI300X,gfx942,MI300X,30,5,20260527_192549,baseline,,0.000,0.000,0,0,0,,,,,,vianden_FULL_CHUNKOPT_20260527_192549
lz4,xlarge_binary_4096.bin,4294967296,4096.0,65536,2.98,53.46,1302.37,80.334,3.298,78.953,26.514,185.801,0.000153,0.3426,8.3024,0.5298,0.0210,anon-host,AMD Instinct MI300X,gfx942,MI300X,30,5,20260527_192549,pinned,,752.516,1234.488,4294967296,0,0,,,,,,vianden_FULL_CHUNKOPT_20260527_192549
snappy,xlarge_binary_4096.bin,4294967296,4096.0,65536,2.73,84.11,218.08,51.066,19.695,81.456,29.790,162.312,0.000097,0.0464,0.3200,0.0282,0.0289,anon-host,AMD Instinct MI300X,gfx942,MI300X,30,5,20260527_192549,adaptive,,14.202,340.903,79691776,79691776,54,,,,,,vianden_FULL_CHUNKOPT_20260527_192549
snappy,xlarge_binary_4096.bin,4294967296,4096.0,65536,2.73,84.10,218.01,51.069,19.701,2592.213,948.030,3591.311,0.000097,0.0501,0.2643,0.0305,0.0239,anon-host,AMD Instinct MI300X,gfx942,MI300X,30,5,20260527_192549,baseline,,0.000,0.000,0,0,0,,,,,,vianden_FULL_CHUNKOPT_20260527_192549
snappy,xlarge_binary_4096.bin,4294967296,4096.0,65536,2.73,84.10,217.97,51.072,19.704,78.915,28.861,158.848,0.000097,0.0334,0.2436,0.0203,0.0220,anon-host,AMD Instinct MI300X,gfx942,MI300X,30,5,20260527_192549,pinned,,766.083,1220.695,4294967296,0,0,,,,,,vianden_FULL_CHUNKOPT_20260527_192549
cascaded,medium_random_100.bin,104857600,100.0,65536,1.00,126.05,1007.16,0.832,0.104,1.980,1.982,4.794,0.000065,0.7370,7.3086,0.0048,0.0008,anon-host,AMD Instinct MI300X,gfx942,MI300X,30,5,20260527_192549,adaptive,,13.772,9.774,79691776,79691776,2,,,,,,vianden_FULL_CHUNKOPT_20260527_192549
cascaded,medium_random_100.bin,104857600,100.0,65536,1.00,126.23,1008.65,0.831,0.104,47.588,47.635,96.054,0.000065,0.4112,9.0712,0.0027,0.0010,anon-host,AMD Instinct MI300X,gfx942,MI300X,30,5,20260527_192549,baseline,,0.000,0.000,0,0,0,,,,,,vianden_FULL_CHUNKOPT_20260527_192549
cascaded,medium_random_100.bin,104857600,100.0,65536,1.00,126.14,1001.12,0.831,0.105,1.972,1.973,4.776,0.000065,0.6723,13.2608,0.0043,0.0014,anon-host,AMD Instinct MI300X,gfx942,MI300X,30,5,20260527_192549,pinned,,23.552,17.965,104857600,0,0,,,,,,vianden_FULL_CHUNKOPT_20260527_192549
lz4,medium_random_100.bin,104857600,100.0,65536,1.00,14.98,855.22,6.999,0.123,1.983,1.991,10.972,0.000547,0.1137,40.1610,0.0529,0.0062,anon-host,AMD Instinct MI300X,gfx942,MI300X,30,5,20260527_192549,adaptive,,17.186,12.818,79691776,79691776,2,,,,,,vianden_FULL_CHUNKOPT_20260527_192549
lz4,medium_random_100.bin,104857600,100.0,65536,1.00,14.96,380.14,7.009,0.276,47.740,47.938,102.687,0.000548,0.1229,148.3451,0.0576,0.8141,anon-host,AMD Instinct MI300X,gfx942,MI300X,30,5,20260527_192549,baseline,,0.000,0.000,0,0,0,,,,,,vianden_FULL_CHUNKOPT_20260527_192549
lz4,medium_random_100.bin,104857600,100.0,65536,1.00,15.02,865.09,6.983,0.121,1.933,1.941,10.856,0.000546,0.0998,28.6092,0.0464,0.0040,anon-host,AMD Instinct MI300X,gfx942,MI300X,30,5,20260527_192549,pinned,,17.961,13.913,104857600,0,0,,,,,,vianden_FULL_CHUNKOPT_20260527_192549
snappy,medium_random_100.bin,104857600,100.0,65536,0.99,102.17,387.99,1.026,0.270,1.956,1.972,4.954,0.000080,2.2406,2.0727,0.0210,0.0014,anon-host,AMD Instinct MI300X,gfx942,MI300X,30,5,20260527_192549,adaptive,,13.710,10.523,79691776,79691776,2,,,,,,vianden_FULL_CHUNKOPT_20260527_192549
snappy,medium_random_100.bin,104857600,100.0,65536,0.99,102.04,387.07,1.028,0.271,49.513,49.912,100.452,0.000080,1.9003,2.0339,0.0177,0.0014,anon-host,AMD Instinct MI300X,gfx942,MI300X,30,5,20260527_192549,baseline,,0.000,0.000,0,0,0,,,,,,vianden_FULL_CHUNKOPT_20260527_192549
snappy,medium_random_100.bin,104857600,100.0,65536,0.99,102.20,387.64,1.026,0.270,1.930,1.946,4.902,0.000080,2.1009,2.4528,0.0195,0.0017,anon-host,AMD Instinct MI300X,gfx942,MI300X,30,5,20260527_192549,pinned,,18.055,14.100,104857600,0,0,,,,,,vianden_FULL_CHUNKOPT_20260527_192549
cascaded,small_random_10.bin,10485760,10.0,65536,1.00,74.36,413.55,0.141,0.025,0.242,0.242,0.625,0.000110,0.4216,15.4463,0.0008,0.0011,anon-host,AMD Instinct MI300X,gfx942,MI300X,30,5,20260527_192549,adaptive,,1.464,1.100,10485760,10485760,1,,,,,,vianden_FULL_CHUNKOPT_20260527_192549
cascaded,small_random_10.bin,10485760,10.0,65536,1.00,73.19,413.21,0.143,0.025,5.964,5.970,12.077,0.000112,3.5080,11.3085,0.0090,0.0007,anon-host,AMD Instinct MI300X,gfx942,MI300X,30,5,20260527_192549,baseline,,0.000,0.000,0,0,0,,,,,,vianden_FULL_CHUNKOPT_20260527_192549
cascaded,small_random_10.bin,10485760,10.0,65536,1.00,73.60,405.70,0.142,0.026,0.271,0.271,0.684,0.000111,0.4291,14.1010,0.0008,0.0010,anon-host,AMD Instinct MI300X,gfx942,MI300X,30,5,20260527_192549,pinned,,1.650,1.211,10485760,0,0,,,,,,vianden_FULL_CHUNKOPT_20260527_192549
lz4,small_random_10.bin,10485760,10.0,65536,1.00,6.66,260.04,1.575,0.040,0.250,0.251,2.076,0.001231,0.0222,5.8068,0.0053,0.0010,anon-host,AMD Instinct MI300X,gfx942,MI300X,30,5,20260527_192549,adaptive,,1.802,1.154,10485760,10485760,1,,,,,,vianden_FULL_CHUNKOPT_20260527_192549
lz4,small_random_10.bin,10485760,10.0,65536,1.00,6.65,230.65,1.576,0.045,7.039,7.068,15.683,0.001231,0.0199,36.2668,0.0047,0.0167,anon-host,AMD Instinct MI300X,gfx942,MI300X,30,5,20260527_192549,baseline,,0.000,0.000,0,0,0,,,,,,vianden_FULL_CHUNKOPT_20260527_192549
lz4,small_random_10.bin,10485760,10.0,65536,1.00,6.66,255.95,1.576,0.041,0.337,0.338,2.250,0.001231,0.0178,18.3051,0.0042,0.0040,anon-host,AMD Instinct MI300X,gfx942,MI300X,30,5,20260527_192549,pinned,,1.842,1.312,10485760,0,0,,,,,,vianden_FULL_CHUNKOPT_20260527_192549
snappy,small_random_10.bin,10485760,10.0,65536,0.99,75.55,197.85,0.139,0.053,0.241,0.243,0.622,0.000108,0.7336,3.5846,0.0014,0.0010,anon-host,AMD Instinct MI300X,gfx942,MI300X,30,5,20260527_192549,adaptive,,1.518,1.139,10485760,10485760,1,,,,,,vianden_FULL_CHUNKOPT_20260527_192549
snappy,small_random_10.bin,10485760,10.0,65536,0.99,75.58,197.66,0.139,0.053,5.947,5.995,12.081,0.000108,0.8776,3.0498,0.0016,0.0008,anon-host,AMD Instinct MI300X,gfx942,MI300X,30,5,20260527_192549,baseline,,0.000,0.000,0,0,0,,,,,,vianden_FULL_CHUNKOPT_20260527_192549
snappy,small_random_10.bin,10485760,10.0,65536,0.99,74.69,197.17,0.140,0.053,0.264,0.266,0.671,0.000110,0.9327,3.5563,0.0018,0.0010,anon-host,AMD Instinct MI300X,gfx942,MI300X,30,5,20260527_192549,pinned,,1.650,1.223,10485760,0,0,,,,,,vianden_FULL_CHUNKOPT_20260527_192549
cascaded,large_random_1024.bin,1073741824,1024.0,65536,1.00,129.81,725.82,8.272,1.479,23.914,23.937,56.123,0.000063,0.4549,15.7448,0.0292,0.0361,anon-host,AMD Instinct MI300X,gfx942,MI300X,30,5,20260527_192549,adaptive,,14.066,85.222,79691776,79691776,14,,,,,,vianden_FULL_CHUNKOPT_20260527_192549
cascaded,large_random_1024.bin,1073741824,1024.0,65536,1.00,128.41,714.75,8.362,1.502,619.870,620.475,1248.707,0.000064,5.6063,30.9125,0.4698,0.0715,anon-host,AMD Instinct MI300X,gfx942,MI300X,30,5,20260527_192549,baseline,,0.000,0.000,0,0,0,,,,,,vianden_FULL_CHUNKOPT_20260527_192549
cascaded,large_random_1024.bin,1073741824,1024.0,65536,1.00,129.85,726.36,8.269,1.478,20.771,20.792,49.832,0.000063,0.3563,16.2253,0.0227,0.0371,anon-host,AMD Instinct MI300X,gfx942,MI300X,30,5,20260527_192549,pinned,,193.124,332.677,1073741824,0,0,,,,,,vianden_FULL_CHUNKOPT_20260527_192549
lz4,large_random_1024.bin,1073741824,1024.0,65536,1.00,17.79,900.76,60.346,1.192,21.346,21.435,103.127,0.000460,0.2179,4.4385,0.7587,0.0060,anon-host,AMD Instinct MI300X,gfx942,MI300X,30,5,20260527_192549,adaptive,,14.228,80.248,79691776,79691776,14,,,,,,vianden_FULL_CHUNKOPT_20260527_192549
lz4,large_random_1024.bin,1073741824,1024.0,65536,1.00,17.87,901.25,60.099,1.191,639.946,642.602,1342.647,0.000459,0.1218,1.9304,0.4124,0.0026,anon-host,AMD Instinct MI300X,gfx942,MI300X,30,5,20260527_192549,baseline,,0.000,0.000,0,0,0,,,,,,vianden_FULL_CHUNKOPT_20260527_192549
lz4,large_random_1024.bin,1073741824,1024.0,65536,1.00,17.81,903.00,60.298,1.189,20.455,20.540,101.292,0.000460,0.2212,4.1161,0.7761,0.0055,anon-host,AMD Instinct MI300X,gfx942,MI300X,30,5,20260527_192549,pinned,,190.717,271.738,1073741824,0,0,,,,,,vianden_FULL_CHUNKOPT_20260527_192549
snappy,large_random_1024.bin,1073741824,1024.0,65536,0.99,107.01,340.17,10.034,3.156,24.243,24.438,58.714,0.000077,0.3790,5.2694,0.0356,0.0503,anon-host,AMD Instinct MI300X,gfx942,MI300X,30,5,20260527_192549,adaptive,,14.057,85.189,79691776,79691776,14,,,,,,vianden_FULL_CHUNKOPT_20260527_192549
snappy,large_random_1024.bin,1073741824,1024.0,65536,0.99,106.98,340.68,10.037,3.152,635.049,640.165,1285.251,0.000077,0.3544,3.9348,0.0333,0.0369,anon-host,AMD Instinct MI300X,gfx942,MI300X,30,5,20260527_192549,baseline,,0.000,0.000,0,0,0,,,,,,vianden_FULL_CHUNKOPT_20260527_192549
snappy,large_random_1024.bin,1073741824,1024.0,65536,0.99,107.00,338.76,10.035,3.170,20.490,20.655,51.180,0.000077,0.3629,7.5562,0.0340,0.0741,anon-host,AMD Instinct MI300X,gfx942,MI300X,30,5,20260527_192549,pinned,,152.903,288.193,1073741824,0,0,,,,,,vianden_FULL_CHUNKOPT_20260527_192549
cascaded,xlarge_random_4096.bin,4294967296,4096.0,65536,1.00,131.97,634.58,32.545,6.768,95.557,95.651,223.753,0.000062,0.0627,40.5666,0.0155,0.6399,anon-host,AMD Instinct MI300X,gfx942,MI300X,30,5,20260527_192549,adaptive,,13.828,320.087,79691776,79691776,54,,,,,,vianden_FULL_CHUNKOPT_20260527_192549
cascaded,xlarge_random_4096.bin,4294967296,4096.0,65536,1.00,131.91,645.50,32.561,6.654,2320.511,2322.777,4675.849,0.000062,0.0737,3.4208,0.0182,0.0352,anon-host,AMD Instinct MI300X,gfx942,MI300X,30,5,20260527_192549,baseline,,0.000,0.000,0,0,0,,,,,,vianden_FULL_CHUNKOPT_20260527_192549
cascaded,xlarge_random_4096.bin,4294967296,4096.0,65536,1.00,131.91,646.20,32.559,6.646,79.481,79.558,191.598,0.000062,0.0774,3.9300,0.0191,0.0404,anon-host,AMD Instinct MI300X,gfx942,MI300X,30,5,20260527_192549,pinned,,765.364,1283.902,4294967296,0,0,,,,,,vianden_FULL_CHUNKOPT_20260527_192549
lz4,xlarge_random_4096.bin,4294967296,4096.0,65536,1.00,17.93,796.06,239.477,5.395,79.958,80.289,399.724,0.000457,0.0871,1.9927,1.1786,0.0135,anon-host,AMD Instinct MI300X,gfx942,MI300X,30,5,20260527_192549,adaptive,,13.948,326.959,79691776,79691776,54,,,,,,vianden_FULL_CHUNKOPT_20260527_192549
lz4,xlarge_random_4096.bin,4294967296,4096.0,65536,1.00,17.98,796.94,238.810,5.389,2295.562,2305.088,4839.459,0.000455,0.0381,1.4823,0.5056,0.0100,anon-host,AMD Instinct MI300X,gfx942,MI300X,30,5,20260527_192549,baseline,,0.000,0.000,0,0,0,,,,,,vianden_FULL_CHUNKOPT_20260527_192549
lz4,xlarge_random_4096.bin,4294967296,4096.0,65536,1.00,17.94,795.31,239.431,5.400,78.837,79.164,397.431,0.000457,0.1104,2.1938,1.4990,0.0149,anon-host,AMD Instinct MI300X,gfx942,MI300X,30,5,20260527_192549,pinned,,618.675,1076.590,4294967296,0,0,,,,,,vianden_FULL_CHUNKOPT_20260527_192549
snappy,xlarge_random_4096.bin,4294967296,4096.0,65536,0.99,110.31,321.82,38.936,13.346,95.574,96.344,230.855,0.000074,0.1247,0.8652,0.0440,0.0359,anon-host,AMD Instinct MI300X,gfx942,MI300X,30,5,20260527_192549,adaptive,,13.830,313.334,79691776,79691776,54,,,,,,vianden_FULL_CHUNKOPT_20260527_192549
snappy,xlarge_random_4096.bin,4294967296,4096.0,65536,0.99,110.36,322.13,38.919,13.333,2710.427,2732.264,5481.611,0.000074,0.1380,0.7830,0.0488,0.0324,anon-host,AMD Instinct MI300X,gfx942,MI300X,30,5,20260527_192549,baseline,,0.000,0.000,0,0,0,,,,,,vianden_FULL_CHUNKOPT_20260527_192549
snappy,xlarge_random_4096.bin,4294967296,4096.0,65536,0.99,110.41,322.24,38.902,13.328,79.060,79.697,197.660,0.000074,0.0933,1.0072,0.0329,0.0416,anon-host,AMD Instinct MI300X,gfx942,MI300X,30,5,20260527_192549,pinned,,764.557,1149.947,4294967296,0,0,,,,,,vianden_FULL_CHUNKOPT_20260527_192549
cascaded,medium_TTI_100.bin,104857600,100.0,65536,1.05,123.29,684.92,0.851,0.153,2.000,1.908,4.758,0.000066,0.6944,4.6675,0.0047,0.0011,anon-host,AMD Instinct MI300X,gfx942,MI300X,30,5,20260527_192549,adaptive,,14.226,9.573,79691776,79691776,2,,,,,,vianden_FULL_CHUNKOPT_20260527_192549
cascaded,medium_TTI_100.bin,104857600,100.0,65536,1.05,123.31,684.74,0.850,0.153,47.492,45.310,93.652,0.000066,0.4605,7.3638,0.0031,0.0017,anon-host,AMD Instinct MI300X,gfx942,MI300X,30,5,20260527_192549,baseline,,0.000,0.000,0,0,0,,,,,,vianden_FULL_CHUNKOPT_20260527_192549
cascaded,medium_TTI_100.bin,104857600,100.0,65536,1.05,123.39,683.73,0.850,0.153,1.931,1.842,4.622,0.000066,0.6975,12.5401,0.0047,0.0031,anon-host,AMD Instinct MI300X,gfx942,MI300X,30,5,20260527_192549,pinned,,18.351,14.294,104857600,0,0,,,,,,vianden_FULL_CHUNKOPT_20260527_192549
lz4,medium_TTI_100.bin,104857600,100.0,65536,1.06,14.72,347.46,7.123,0.302,1.960,1.855,10.938,0.000556,0.1218,5.8508,0.0591,0.0055,anon-host,AMD Instinct MI300X,gfx942,MI300X,30,5,20260527_192549,adaptive,,14.090,10.310,79691776,79691776,2,,,,,,vianden_FULL_CHUNKOPT_20260527_192549
lz4,medium_TTI_100.bin,104857600,100.0,65536,1.06,14.65,349.34,7.158,0.300,48.657,46.060,101.875,0.000559,0.0928,2.0215,0.0452,0.0017,anon-host,AMD Instinct MI300X,gfx942,MI300X,30,5,20260527_192549,baseline,,0.000,0.000,0,0,0,,,,,,vianden_FULL_CHUNKOPT_20260527_192549
lz4,medium_TTI_100.bin,104857600,100.0,65536,1.06,14.42,349.10,7.272,0.300,1.935,1.832,11.039,0.000568,0.8773,2.4161,0.6372,0.0021,anon-host,AMD Instinct MI300X,gfx942,MI300X,30,5,20260527_192549,pinned,,18.048,14.144,104857600,0,0,,,,,,vianden_FULL_CHUNKOPT_20260527_192549
snappy,medium_TTI_100.bin,104857600,100.0,65536,1.05,93.75,307.00,1.118,0.342,1.957,1.863,4.939,0.000087,2.0849,2.8177,0.0229,0.0031,anon-host,AMD Instinct MI300X,gfx942,MI300X,30,5,20260527_192549,adaptive,,14.065,9.916,79691776,79691776,2,,,,,,vianden_FULL_CHUNKOPT_20260527_192549
snappy,medium_TTI_100.bin,104857600,100.0,65536,1.05,93.65,306.61,1.120,0.342,47.904,45.595,94.619,0.000087,2.0016,2.3679,0.0223,0.0026,anon-host,AMD Instinct MI300X,gfx942,MI300X,30,5,20260527_192549,baseline,,0.000,0.000,0,0,0,,,,,,vianden_FULL_CHUNKOPT_20260527_192549
snappy,medium_TTI_100.bin,104857600,100.0,65536,1.05,93.70,306.67,1.119,0.342,1.946,1.852,4.918,0.000087,1.7814,3.0336,0.0198,0.0034,anon-host,AMD Instinct MI300X,gfx942,MI300X,30,5,20260527_192549,pinned,,18.203,14.028,104857600,0,0,,,,,,vianden_FULL_CHUNKOPT_20260527_192549
zfp,medium_TTI_100.bin,104857600,100.0,65536,1.18,12.88,32.26,8.143,3.250,35.032,0.000,43.175,8.143262,1.6630,3.6016,2.6967,0.8005,anon-host,AMD Instinct MI300X,gfx942,MI300X,30,5,20260527_192549,acc,1e12,,,,,,2.7057e-10,1.8958e-11,177.88,1.8219e-08,1.4852e-02,vianden_FULL_CHUNKOPT_20260527_192549
zfp,medium_TTI_100.bin,104857600,100.0,65536,5.24,22.36,51.10,4.689,2.052,36.751,0.000,41.439,4.688648,4.7220,14.0435,1.3308,0.7630,anon-host,AMD Instinct MI300X,gfx942,MI300X,30,5,20260527_192549,acc,1e3,,,,,,2.9350e-04,3.5141e-05,52.52,1.9762e-02,1.4852e-02,vianden_FULL_CHUNKOPT_20260527_192549
zfp,medium_TTI_100.bin,104857600,100.0,65536,3.26,20.29,45.78,5.169,2.291,29.661,0.000,34.830,5.168662,4.9032,12.5679,2.1237,0.5819,anon-host,AMD Instinct MI300X,gfx942,MI300X,30,5,20260527_192549,acc,1e4,,,,,,1.9785e-05,2.5184e-06,75.41,1.3322e-03,1.4852e-02,vianden_FULL_CHUNKOPT_20260527_192549
zfp,medium_TTI_100.bin,104857600,100.0,65536,2.52,10.62,29.90,9.876,3.507,28.053,0.000,37.929,9.876267,2.8733,6.0998,11.3350,0.4785,anon-host,AMD Instinct MI300X,gfx942,MI300X,30,5,20260527_192549,acc,1e5,,,,,,2.4706e-06,3.2536e-07,93.19,1.6635e-04,1.4852e-02,vianden_FULL_CHUNKOPT_20260527_192549
zfp,medium_TTI_100.bin,104857600,100.0,65536,2.06,15.61,38.23,6.717,2.743,28.161,0.000,34.878,6.717070,2.0566,8.4754,1.3145,1.3565,anon-host,AMD Instinct MI300X,gfx942,MI300X,30,5,20260527_192549,acc,1e6,,,,,,2.8685e-07,4.0799e-08,111.22,1.9314e-05,1.4852e-02,vianden_FULL_CHUNKOPT_20260527_192549
zfp,medium_TTI_100.bin,104857600,100.0,65536,1.27,12.09,23.66,8.673,4.432,27.632,0.000,36.305,8.672519,4.7550,11.0956,5.3689,1.8534,anon-host,AMD Instinct MI300X,gfx942,MI300X,30,5,20260527_192549,acc,1e9,,,,,,4.6566e-10,4.4528e-11,170.46,3.1354e-08,1.4852e-02,vianden_FULL_CHUNKOPT_20260527_192549
zfp,medium_TTI_100.bin,104857600,100.0,65536,2.71,19.18,39.04,5.467,2.686,34.244,0.000,39.711,5.466911,5.0271,13.0179,1.7587,0.7371,anon-host,AMD Instinct MI300X,gfx942,MI300X,30,5,20260527_192549,prec,16,,,,,,1.2264e-05,8.7901e-07,84.56,8.2575e-04,1.4852e-02,vianden_FULL_CHUNKOPT_20260527_192549
zfp,medium_TTI_100.bin,104857600,100.0,65536,1.64,15.26,36.78,6.873,2.851,21.880,0.000,28.752,6.872635,2.7661,7.5905,1.1211,1.1290,anon-host,AMD Instinct MI300X,gfx942,MI300X,30,5,20260527_192549,prec,24,,,,,,4.4635e-08,3.4686e-09,132.63,3.0054e-06,1.4852e-02,vianden_FULL_CHUNKOPT_20260527_192549
zfp,medium_TTI_100.bin,104857600,100.0,65536,7.31,32.00,87.05,3.277,1.205,15.758,0.000,19.034,3.276752,0.1457,1.9962,0.0149,0.0305,anon-host,AMD Instinct MI300X,gfx942,MI300X,30,5,20260527_192549,prec,8,,,,,,2.5559e-03,1.6158e-04,39.27,1.7210e-01,1.4852e-02,vianden_FULL_CHUNKOPT_20260527_192549
zfp,medium_TTI_100.bin,104857600,100.0,65536,2.00,31.54,33.81,3.325,3.101,36.061,0.000,39.386,3.324560,7.2752,14.2733,0.7698,2.6960,anon-host,AMD Instinct MI300X,gfx942,MI300X,30,5,20260527_192549,rate,16,,,,,,7.2585e-07,3.5087e-08,112.53,4.8873e-05,1.4852e-02,vianden_FULL_CHUNKOPT_20260527_192549
zfp,medium_TTI_100.bin,104857600,100.0,65536,1.33,21.40,21.81,4.899,4.809,35.529,0.000,40.429,4.899311,4.3481,9.8020,0.8481,3.6227,anon-host,AMD Instinct MI300X,gfx942,MI300X,30,5,20260527_192549,rate,24,,,,,,2.9104e-09,1.3986e-10,160.52,1.9596e-07,1.4852e-02,vianden_FULL_CHUNKOPT_20260527_192549
zfp,medium_TTI_100.bin,104857600,100.0,65536,8.00,38.51,55.92,2.723,1.875,27.324,0.000,30.046,2.722525,4.9779,2.0430,0.9153,0.0765,anon-host,AMD Instinct MI300X,gfx942,MI300X,30,5,20260527_192549,rate,4,,,,,,2.4137e-03,1.1728e-04,42.05,1.6252e-01,1.4852e-02,vianden_FULL_CHUNKOPT_20260527_192549
zfp,medium_TTI_100.bin,104857600,100.0,65536,4.00,32.39,37.92,3.237,2.765,36.427,0.000,39.665,3.237432,2.7359,6.0261,0.3825,0.8161,anon-host,AMD Instinct MI300X,gfx942,MI300X,30,5,20260527_192549,rate,8,,,,,,1.8413e-04,8.1958e-06,65.16,1.2398e-02,1.4852e-02,vianden_FULL_CHUNKOPT_20260527_192549
cascaded,small_TTI_10.bin,10485760,10.0,65536,1.62,106.80,170.80,0.098,0.061,0.262,0.161,0.522,0.000077,1.0433,3.0174,0.0010,0.0011,anon-host,AMD Instinct MI300X,gfx942,MI300X,30,5,20260527_192549,adaptive,,1.495,1.172,10485760,10485760,1,,,,,,vianden_FULL_CHUNKOPT_20260527_192549
cascaded,small_TTI_10.bin,10485760,10.0,65536,1.62,103.26,163.01,0.102,0.064,8.500,5.233,13.834,0.000079,7.2825,7.6707,0.0110,0.0037,anon-host,AMD Instinct MI300X,gfx942,MI300X,30,5,20260527_192549,baseline,,0.000,0.000,0,0,0,,,,,,vianden_FULL_CHUNKOPT_20260527_192549
cascaded,small_TTI_10.bin,10485760,10.0,65536,1.62,106.11,162.12,0.099,0.065,0.546,0.336,0.980,0.000077,1.5712,11.7829,0.0015,0.0069,anon-host,AMD Instinct MI300X,gfx942,MI300X,30,5,20260527_192549,pinned,,2.316,1.664,10485760,0,0,,,,,,vianden_FULL_CHUNKOPT_20260527_192549
lz4,small_TTI_10.bin,10485760,10.0,65536,1.65,6.16,108.86,1.703,0.096,0.556,0.337,2.596,0.001331,0.0489,4.9719,0.0135,0.0051,anon-host,AMD Instinct MI300X,gfx942,MI300X,30,5,20260527_192549,adaptive,,2.181,1.836,10485760,10485760,1,,,,,,vianden_FULL_CHUNKOPT_20260527_192549
lz4,small_TTI_10.bin,10485760,10.0,65536,1.65,6.14,110.84,1.709,0.095,8.064,4.891,14.664,0.001335,0.0388,2.3281,0.0109,0.0021,anon-host,AMD Instinct MI300X,gfx942,MI300X,30,5,20260527_192549,baseline,,0.000,0.000,0,0,0,,,,,,vianden_FULL_CHUNKOPT_20260527_192549
lz4,small_TTI_10.bin,10485760,10.0,65536,1.65,5.14,109.76,2.040,0.096,0.551,0.334,2.925,0.001593,0.9423,5.6190,1.7873,0.0061,anon-host,AMD Instinct MI300X,gfx942,MI300X,30,5,20260527_192549,pinned,,3.233,2.353,10485760,0,0,,,,,,vianden_FULL_CHUNKOPT_20260527_192549
snappy,small_TTI_10.bin,10485760,10.0,65536,1.60,53.12,125.82,0.197,0.083,0.572,0.358,1.127,0.000154,0.5502,3.4870,0.0021,0.0024,anon-host,AMD Instinct MI300X,gfx942,MI300X,30,5,20260527_192549,adaptive,,2.203,1.895,10485760,10485760,1,,,,,,vianden_FULL_CHUNKOPT_20260527_192549
snappy,small_TTI_10.bin,10485760,10.0,65536,1.60,53.28,125.23,0.197,0.084,5.920,3.700,9.816,0.000154,0.5305,3.5057,0.0020,0.0024,anon-host,AMD Instinct MI300X,gfx942,MI300X,30,5,20260527_192549,baseline,,0.000,0.000,0,0,0,,,,,,vianden_FULL_CHUNKOPT_20260527_192549
snappy,small_TTI_10.bin,10485760,10.0,65536,1.60,53.19,124.70,0.197,0.084,0.292,0.183,0.672,0.000154,0.5437,3.5311,0.0021,0.0024,anon-host,AMD Instinct MI300X,gfx942,MI300X,30,5,20260527_192549,pinned,,1.633,1.198,10485760,0,0,,,,,,vianden_FULL_CHUNKOPT_20260527_192549
zfp,small_TTI_10.bin,10485760,10.0,65536,1.90,3.29,6.80,3.183,1.542,15.715,0.000,18.898,3.182848,0.0580,0.1995,0.0544,0.0440,anon-host,AMD Instinct MI300X,gfx942,MI300X,30,5,20260527_192549,acc,1e12,,,,,,2.9104e-10,1.0251e-11,182.93,2.0263e-08,1.4363e-02,vianden_FULL_CHUNKOPT_20260527_192549
zfp,small_TTI_10.bin,10485760,10.0,65536,8.56,4.95,11.56,2.116,0.907,10.590,0.000,12.706,2.116233,0.2933,0.9677,0.1226,0.0785,anon-host,AMD Instinct MI300X,gfx942,MI300X,30,5,20260527_192549,acc,1e3,,,,,,2.8086e-04,2.8241e-05,54.13,1.9554e-02,1.4363e-02,vianden_FULL_CHUNKOPT_20260527_192549
zfp,small_TTI_10.bin,10485760,10.0,65536,5.48,3.51,8.63,2.983,1.216,15.457,0.000,18.441,2.983447,0.0767,0.3042,0.0648,0.0397,anon-host,AMD Instinct MI300X,gfx942,MI300X,30,5,20260527_192549,acc,1e4,,,,,,1.6898e-05,1.9424e-06,77.38,1.1765e-03,1.4363e-02,vianden_FULL_CHUNKOPT_20260527_192549
zfp,small_TTI_10.bin,10485760,10.0,65536,4.28,3.51,7.56,2.984,1.387,15.352,0.000,18.335,2.983529,0.0861,0.2526,0.0711,0.0443,anon-host,AMD Instinct MI300X,gfx942,MI300X,30,5,20260527_192549,acc,1e5,,,,,,2.2054e-06,2.4567e-07,95.34,1.5354e-04,1.4363e-02,vianden_FULL_CHUNKOPT_20260527_192549
zfp,small_TTI_10.bin,10485760,10.0,65536,3.50,3.44,7.32,3.049,1.432,15.259,0.000,18.307,3.048749,0.0704,0.2246,0.0615,0.0420,anon-host,AMD Instinct MI300X,gfx942,MI300X,30,5,20260527_192549,acc,1e6,,,,,,2.4907e-07,3.0970e-08,113.33,1.7341e-05,1.4363e-02,vianden_FULL_CHUNKOPT_20260527_192549
zfp,small_TTI_10.bin,10485760,10.0,65536,2.15,3.35,6.84,3.127,1.532,15.573,0.000,18.700,3.126727,0.0611,0.1746,0.0553,0.0399,anon-host,AMD Instinct MI300X,gfx942,MI300X,30,5,20260527_192549,acc,1e9,,,,,,4.6566e-10,3.2975e-11,172.78,3.2420e-08,1.4363e-02,vianden_FULL_CHUNKOPT_20260527_192549
zfp,small_TTI_10.bin,10485760,10.0,65536,3.94,3.62,7.48,2.896,1.402,15.474,0.000,18.370,2.895756,0.0497,0.1139,0.0401,0.0217,anon-host,AMD Instinct MI300X,gfx942,MI300X,30,5,20260527_192549,prec,16,,,,,,1.1240e-05,4.9202e-07,89.31,7.8257e-04,1.4363e-02,vianden_FULL_CHUNKOPT_20260527_192549
zfp,small_TTI_10.bin,10485760,10.0,65536,2.44,3.28,6.86,3.200,1.529,16.200,0.000,19.400,3.199953,0.0451,0.1685,0.0448,0.0383,anon-host,AMD Instinct MI300X,gfx942,MI300X,30,5,20260527_192549,prec,24,,,,,,4.2492e-08,1.9228e-09,137.47,2.9584e-06,1.4363e-02,vianden_FULL_CHUNKOPT_20260527_192549
zfp,small_TTI_10.bin,10485760,10.0,65536,9.99,6.46,15.04,1.623,0.697,8.651,0.000,10.274,1.622620,0.0651,0.2997,0.0165,0.0143,anon-host,AMD Instinct MI300X,gfx942,MI300X,30,5,20260527_192549,prec,8,,,,,,2.2678e-03,1.0360e-04,42.84,1.5789e-01,1.4363e-02,vianden_FULL_CHUNKOPT_20260527_192549
zfp,small_TTI_10.bin,10485760,10.0,65536,2.00,4.95,7.32,2.120,1.432,15.654,0.000,17.774,2.119954,0.0733,0.2034,0.0316,0.0375,anon-host,AMD Instinct MI300X,gfx942,MI300X,30,5,20260527_192549,rate,16,,,,,,6.4471e-07,2.6130e-08,114.80,4.4886e-05,1.4363e-02,vianden_FULL_CHUNKOPT_20260527_192549
zfp,small_TTI_10.bin,10485760,10.0,65536,1.33,4.72,6.69,2.220,1.568,15.583,0.000,17.803,2.219849,0.0635,0.0949,0.0297,0.0224,anon-host,AMD Instinct MI300X,gfx942,MI300X,30,5,20260527_192549,rate,24,,,,,,1.9718e-09,1.0359e-10,162.84,1.3728e-07,1.4363e-02,vianden_FULL_CHUNKOPT_20260527_192549
zfp,small_TTI_10.bin,10485760,10.0,65536,8.00,5.85,9.49,1.791,1.105,15.441,0.000,17.232,1.790934,0.2065,0.3551,0.0574,0.0381,anon-host,AMD Instinct MI300X,gfx942,MI300X,30,5,20260527_192549,rate,4,,,,,,1.9736e-03,9.0104e-05,44.05,1.3741e-01,1.4363e-02,vianden_FULL_CHUNKOPT_20260527_192549
zfp,small_TTI_10.bin,10485760,10.0,65536,4.00,5.27,7.98,1.991,1.313,15.393,0.000,17.384,1.990517,0.1446,0.2421,0.0496,0.0383,anon-host,AMD Instinct MI300X,gfx942,MI300X,30,5,20260527_192549,rate,8,,,,,,1.4276e-04,6.6709e-06,66.66,9.9394e-03,1.4363e-02,vianden_FULL_CHUNKOPT_20260527_192549
cascaded,large_TTI_1024.bin,1073741824,1024.0,65536,1.03,126.84,671.51,8.465,1.599,20.520,19.972,48.958,0.000065,0.3968,21.0272,0.0266,0.0553,anon-host,AMD Instinct MI300X,gfx942,MI300X,30,5,20260527_192549,adaptive,,14.292,88.224,79691776,79691776,14,,,,,,vianden_FULL_CHUNKOPT_20260527_192549
cascaded,large_TTI_1024.bin,1073741824,1024.0,65536,1.03,126.72,682.10,8.474,1.574,773.538,752.886,1534.898,0.000065,0.4031,5.6834,0.0270,0.0131,anon-host,AMD Instinct MI300X,gfx942,MI300X,30,5,20260527_192549,baseline,,0.000,0.000,0,0,0,,,,,,vianden_FULL_CHUNKOPT_20260527_192549
cascaded,large_TTI_1024.bin,1073741824,1024.0,65536,1.03,126.77,679.18,8.470,1.581,20.561,20.012,49.042,0.000065,0.2932,5.3767,0.0196,0.0125,anon-host,AMD Instinct MI300X,gfx942,MI300X,30,5,20260527_192549,pinned,,187.704,392.879,1073741824,0,0,,,,,,vianden_FULL_CHUNKOPT_20260527_192549
lz4,large_TTI_1024.bin,1073741824,1024.0,65536,1.04,18.07,813.37,59.411,1.320,21.160,20.444,101.015,0.000453,0.1097,10.5778,0.3606,0.0173,anon-host,AMD Instinct MI300X,gfx942,MI300X,30,5,20260527_192549,adaptive,,14.191,83.073,79691776,79691776,14,,,,,,vianden_FULL_CHUNKOPT_20260527_192549
lz4,large_TTI_1024.bin,1073741824,1024.0,65536,1.04,18.07,812.00,59.417,1.322,512.431,495.077,1066.925,0.000453,0.0910,9.7438,0.2990,0.0158,anon-host,AMD Instinct MI300X,gfx942,MI300X,30,5,20260527_192549,baseline,,0.000,0.000,0,0,0,,,,,,vianden_FULL_CHUNKOPT_20260527_192549
lz4,large_TTI_1024.bin,1073741824,1024.0,65536,1.04,18.02,807.66,59.583,1.329,20.791,20.087,100.460,0.000455,0.2212,8.2700,0.7630,0.0136,anon-host,AMD Instinct MI300X,gfx942,MI300X,30,5,20260527_192549,pinned,,192.785,187.529,1073741824,0,0,,,,,,vianden_FULL_CHUNKOPT_20260527_192549
snappy,large_TTI_1024.bin,1073741824,1024.0,65536,1.03,102.29,282.10,10.497,3.806,23.918,23.212,57.627,0.000080,0.3531,5.2036,0.0365,0.0716,anon-host,AMD Instinct MI300X,gfx942,MI300X,30,5,20260527_192549,adaptive,,14.114,80.408,79691776,79691776,14,,,,,,vianden_FULL_CHUNKOPT_20260527_192549
snappy,large_TTI_1024.bin,1073741824,1024.0,65536,1.03,102.25,283.43,10.501,3.788,515.159,499.961,1025.621,0.000080,0.3549,3.9976,0.0366,0.0550,anon-host,AMD Instinct MI300X,gfx942,MI300X,30,5,20260527_192549,baseline,,0.000,0.000,0,0,0,,,,,,vianden_FULL_CHUNKOPT_20260527_192549
snappy,large_TTI_1024.bin,1073741824,1024.0,65536,1.03,102.34,283.64,10.492,3.786,20.863,20.248,51.603,0.000080,0.2651,4.5818,0.0272,0.0640,anon-host,AMD Instinct MI300X,gfx942,MI300X,30,5,20260527_192549,pinned,,193.618,157.965,1073741824,0,0,,,,,,vianden_FULL_CHUNKOPT_20260527_192549
zfp,large_TTI_1024.bin,1073741824,1024.0,65536,1.15,19.86,47.17,54.058,22.761,80.310,0.000,134.368,54.058301,2.6685,7.8690,10.6239,6.9893,anon-host,AMD Instinct MI300X,gfx942,MI300X,30,5,20260527_192549,acc,1e12,,,,,,2.9104e-10,1.7852e-11,179.81,1.6655e-08,1.7475e-02,vianden_FULL_CHUNKOPT_20260527_192549
zfp,large_TTI_1024.bin,1073741824,1024.0,65536,5.34,33.26,129.60,32.279,8.285,93.277,0.000,125.555,32.278541,4.0230,37.6069,5.2963,8.3051,anon-host,AMD Instinct MI300X,gfx942,MI300X,30,5,20260527_192549,acc,1e3,,,,,,3.5624e-04,3.6491e-05,53.60,2.0386e-02,1.7475e-02,vianden_FULL_CHUNKOPT_20260527_192549
zfp,large_TTI_1024.bin,1073741824,1024.0,65536,3.26,30.88,105.86,34.774,10.143,99.782,0.000,134.556,34.774320,2.9666,21.8063,5.1547,6.2144,anon-host,AMD Instinct MI300X,gfx942,MI300X,30,5,20260527_192549,acc,1e4,,,,,,1.9809e-05,2.5830e-06,76.61,1.1336e-03,1.7475e-02,vianden_FULL_CHUNKOPT_20260527_192549
zfp,large_TTI_1024.bin,1073741824,1024.0,65536,2.50,23.99,93.87,44.761,11.439,63.589,0.000,108.350,44.760534,5.7744,11.5232,12.3915,3.3874,anon-host,AMD Instinct MI300X,gfx942,MI300X,30,5,20260527_192549,acc,1e5,,,,,,2.4941e-06,3.3025e-07,94.47,1.4272e-04,1.7475e-02,vianden_FULL_CHUNKOPT_20260527_192549
zfp,large_TTI_1024.bin,1073741824,1024.0,65536,2.03,24.17,84.69,44.420,12.678,86.188,0.000,130.608,44.420154,4.4449,1.2235,12.2793,0.1927,anon-host,AMD Instinct MI300X,gfx942,MI300X,30,5,20260527_192549,acc,1e6,,,,,,3.0037e-07,4.1363e-08,112.52,1.7188e-05,1.7475e-02,vianden_FULL_CHUNKOPT_20260527_192549
zfp,large_TTI_1024.bin,1073741824,1024.0,65536,1.25,20.84,51.46,51.519,20.865,82.792,0.000,134.311,51.519019,2.7300,8.0562,8.7748,6.4488,anon-host,AMD Instinct MI300X,gfx942,MI300X,30,5,20260527_192549,acc,1e9,,,,,,4.6566e-10,4.4564e-11,171.87,2.6647e-08,1.7475e-02,vianden_FULL_CHUNKOPT_20260527_192549
zfp,large_TTI_1024.bin,1073741824,1024.0,65536,2.66,23.39,104.79,45.910,10.247,214.929,0.000,260.839,45.909912,6.0908,2.9236,13.0116,0.3073,anon-host,AMD Instinct MI300X,gfx942,MI300X,30,5,20260527_192549,prec,16,,,,,,1.2473e-05,8.2070e-07,86.56,7.1378e-04,1.7475e-02,vianden_FULL_CHUNKOPT_20260527_192549
zfp,large_TTI_1024.bin,1073741824,1024.0,65536,1.60,20.68,68.23,51.922,15.737,42.642,0.000,94.564,51.922036,3.8598,4.2440,9.8485,1.4055,anon-host,AMD Instinct MI300X,gfx942,MI300X,30,5,20260527_192549,prec,24,,,,,,4.4471e-08,3.2266e-09,134.67,2.5448e-06,1.7475e-02,vianden_FULL_CHUNKOPT_20260527_192549
zfp,large_TTI_1024.bin,1073741824,1024.0,65536,7.30,32.36,171.18,33.182,6.273,97.150,0.000,130.331,33.181648,6.8374,35.4422,8.5646,6.5749,anon-host,AMD Instinct MI300X,gfx942,MI300X,30,5,20260527_192549,prec,8,,,,,,3.6545e-03,1.5359e-04,41.12,2.0913e-01,1.7475e-02,vianden_FULL_CHUNKOPT_20260527_192549
zfp,large_TTI_1024.bin,1073741824,1024.0,65536,2.00,62.40,85.00,17.207,12.633,58.702,0.000,75.908,17.206574,9.3060,1.2503,5.5847,0.1914,anon-host,AMD Instinct MI300X,gfx942,MI300X,30,5,20260527_192549,rate,16,,,,,,9.4068e-07,3.2154e-08,114.70,5.3830e-05,1.7475e-02,vianden_FULL_CHUNKOPT_20260527_192549
zfp,large_TTI_1024.bin,1073741824,1024.0,65536,1.33,44.72,56.96,24.013,18.850,85.357,0.000,109.370,24.012979,5.7047,7.0762,6.0297,5.2827,anon-host,AMD Instinct MI300X,gfx942,MI300X,30,5,20260527_192549,rate,24,,,,,,3.6822e-09,1.2807e-10,162.70,2.1071e-07,1.7475e-02,vianden_FULL_CHUNKOPT_20260527_192549
zfp,large_TTI_1024.bin,1073741824,1024.0,65536,8.00,202.45,221.16,5.304,4.855,63.855,0.000,69.159,5.303693,1.4510,32.5059,0.0384,2.3284,anon-host,AMD Instinct MI300X,gfx942,MI300X,30,5,20260527_192549,rate,4,,,,,,3.3526e-03,1.0785e-04,44.19,1.9185e-01,1.7475e-02,vianden_FULL_CHUNKOPT_20260527_192549
zfp,large_TTI_1024.bin,1073741824,1024.0,65536,4.00,108.39,148.32,9.906,7.240,116.030,0.000,125.936,9.906264,18.0009,3.5000,6.2890,0.1723,anon-host,AMD Instinct MI300X,gfx942,MI300X,30,5,20260527_192549,rate,8,,,,,,2.3458e-04,7.6413e-06,67.18,1.3423e-02,1.7475e-02,vianden_FULL_CHUNKOPT_20260527_192549
cascaded,xlarge_TTI_4096.bin,4294967296,4096.0,65536,1.03,128.74,603.04,33.361,7.122,95.581,92.768,221.710,0.000064,0.0975,2.4262,0.0253,0.0287,anon-host,AMD Instinct MI300X,gfx942,MI300X,30,5,20260527_192549,adaptive,,14.130,331.083,79691776,79691776,54,,,,,,vianden_FULL_CHUNKOPT_20260527_192549
cascaded,xlarge_TTI_4096.bin,4294967296,4096.0,65536,1.03,128.05,602.03,33.541,7.134,1922.005,1865.422,3820.968,0.000064,3.5339,2.9127,1.0792,0.0344,anon-host,AMD Instinct MI300X,gfx942,MI300X,30,5,20260527_192549,baseline,,0.000,0.000,0,0,0,,,,,,vianden_FULL_CHUNKOPT_20260527_192549
cascaded,xlarge_TTI_4096.bin,4294967296,4096.0,65536,1.03,128.82,603.27,33.341,7.119,79.509,77.168,190.017,0.000064,0.0835,3.1873,0.0216,0.0377,anon-host,AMD Instinct MI300X,gfx942,MI300X,30,5,20260527_192549,pinned,,765.885,874.394,4294967296,0,0,,,,,,vianden_FULL_CHUNKOPT_20260527_192549
lz4,xlarge_TTI_4096.bin,4294967296,4096.0,65536,1.04,18.35,717.97,234.085,5.982,96.169,92.659,422.913,0.000446,0.1312,2.4484,1.7297,0.0204,anon-host,AMD Instinct MI300X,gfx942,MI300X,30,5,20260527_192549,adaptive,,11.319,345.498,79691776,79691776,54,,,,,,vianden_FULL_CHUNKOPT_20260527_192549
lz4,xlarge_TTI_4096.bin,4294967296,4096.0,65536,1.04,18.36,718.70,233.931,5.976,2288.006,2204.500,4726.438,0.000446,0.0306,2.1789,0.3898,0.0181,anon-host,AMD Instinct MI300X,gfx942,MI300X,30,5,20260527_192549,baseline,,0.000,0.000,0,0,0,,,,,,vianden_FULL_CHUNKOPT_20260527_192549
lz4,xlarge_TTI_4096.bin,4294967296,4096.0,65536,1.04,18.30,718.75,234.693,5.976,79.383,76.486,390.561,0.000448,0.1558,2.1951,2.0452,0.0182,anon-host,AMD Instinct MI300X,gfx942,MI300X,30,5,20260527_192549,pinned,,776.328,1239.301,4294967296,0,0,,,,,,vianden_FULL_CHUNKOPT_20260527_192549
snappy,xlarge_TTI_4096.bin,4294967296,4096.0,65536,1.03,105.09,272.71,40.871,15.749,89.021,86.168,216.059,0.000078,0.1209,0.8361,0.0472,0.0482,anon-host,AMD Instinct MI300X,gfx942,MI300X,30,5,20260527_192549,adaptive,,14.116,334.554,79691776,79691776,54,,,,,,vianden_FULL_CHUNKOPT_20260527_192549
snappy,xlarge_TTI_4096.bin,4294967296,4096.0,65536,1.03,105.10,272.64,40.864,15.753,2080.190,2013.522,4134.576,0.000078,0.1176,1.4215,0.0459,0.0823,anon-host,AMD Instinct MI300X,gfx942,MI300X,30,5,20260527_192549,baseline,,0.000,0.000,0,0,0,,,,,,vianden_FULL_CHUNKOPT_20260527_192549
snappy,xlarge_TTI_4096.bin,4294967296,4096.0,65536,1.03,105.15,272.33,40.847,15.771,80.745,78.157,199.749,0.000078,0.0702,1.1800,0.0273,0.0682,anon-host,AMD Instinct MI300X,gfx942,MI300X,30,5,20260527_192549,pinned,,780.105,689.768,4294967296,0,0,,,,,,vianden_FULL_CHUNKOPT_20260527_192549
zfp,xlarge_TTI_4096.bin,4294967296,4096.0,65536,1.13,19.07,48.75,225.206,88.099,273.275,0.000,498.480,225.205884,1.8312,4.7796,26.4478,9.7621,anon-host,AMD Instinct MI300X,gfx942,MI300X,30,5,20260527_192549,acc,1e12,,,,,,4.6566e-10,1.6197e-11,180.78,2.6286e-08,1.7715e-02,vianden_FULL_CHUNKOPT_20260527_192549
zfp,xlarge_TTI_4096.bin,4294967296,4096.0,65536,5.37,27.21,178.24,157.843,24.096,199.691,0.000,357.534,157.842888,5.3617,23.9585,39.6196,5.5037,anon-host,AMD Instinct MI300X,gfx942,MI300X,30,5,20260527_192549,acc,1e3,,,,,,3.5342e-04,3.7169e-05,53.56,1.9950e-02,1.7715e-02,vianden_FULL_CHUNKOPT_20260527_192549
zfp,xlarge_TTI_4096.bin,4294967296,4096.0,65536,3.25,28.62,125.21,150.089,34.301,226.516,0.000,376.605,150.089454,1.3732,11.1919,7.4705,4.1489,anon-host,AMD Instinct MI300X,gfx942,MI300X,30,5,20260527_192549,acc,1e4,,,,,,2.1458e-05,2.6140e-06,76.62,1.2112e-03,1.7715e-02,vianden_FULL_CHUNKOPT_20260527_192549
zfp,xlarge_TTI_4096.bin,4294967296,4096.0,65536,2.49,25.66,95.94,167.371,44.767,250.007,0.000,417.377,167.370649,2.8461,12.8863,22.9208,8.0431,anon-host,AMD Instinct MI300X,gfx942,MI300X,30,5,20260527_192549,acc,1e5,,,,,,2.8480e-06,3.3275e-07,94.52,1.6076e-04,1.7715e-02,vianden_FULL_CHUNKOPT_20260527_192549
zfp,xlarge_TTI_4096.bin,4294967296,4096.0,65536,2.02,25.39,85.24,169.167,50.386,238.105,0.000,407.273,169.167489,1.7359,5.9436,13.8580,4.2738,anon-host,AMD Instinct MI300X,gfx942,MI300X,30,5,20260527_192549,acc,1e6,,,,,,3.3644e-07,4.1640e-08,112.58,1.8991e-05,1.7715e-02,vianden_FULL_CHUNKOPT_20260527_192549
zfp,xlarge_TTI_4096.bin,4294967296,4096.0,65536,1.24,20.10,54.89,213.672,78.248,218.057,0.000,431.729,213.672428,1.4878,4.0652,18.5786,6.6615,anon-host,AMD Instinct MI300X,gfx942,MI300X,30,5,20260527_192549,acc,1e9,,,,,,4.6566e-10,4.4203e-11,172.06,2.6286e-08,1.7715e-02,vianden_FULL_CHUNKOPT_20260527_192549
zfp,xlarge_TTI_4096.bin,4294967296,4096.0,65536,2.60,26.20,108.86,163.951,39.453,162.180,0.000,326.131,163.951119,3.4296,1.3211,25.2176,0.4881,anon-host,AMD Instinct MI300X,gfx942,MI300X,30,5,20260527_192549,prec,16,,,,,,1.5154e-05,7.4423e-07,87.53,8.5544e-04,1.7715e-02,vianden_FULL_CHUNKOPT_20260527_192549
zfp,xlarge_TTI_4096.bin,4294967296,4096.0,65536,1.58,22.14,66.43,194.027,64.656,259.735,0.000,453.762,194.027390,2.0984,7.3450,22.2401,9.3829,anon-host,AMD Instinct MI300X,gfx942,MI300X,30,5,20260527_192549,prec,24,,,,,,5.1909e-08,2.9184e-09,135.66,2.9302e-06,1.7715e-02,vianden_FULL_CHUNKOPT_20260527_192549
zfp,xlarge_TTI_4096.bin,4294967296,4096.0,65536,7.12,31.14,227.93,137.918,18.844,170.150,0.000,308.068,137.918134,4.2749,21.6737,22.6057,3.3331,anon-host,AMD Instinct MI300X,gfx942,MI300X,30,5,20260527_192549,prec,8,,,,,,3.8986e-03,1.4070e-04,42.00,2.2007e-01,1.7715e-02,vianden_FULL_CHUNKOPT_20260527_192549
zfp,xlarge_TTI_4096.bin,4294967296,4096.0,65536,2.00,64.90,82.84,66.181,51.844,256.993,0.000,323.174,66.181165,10.3226,8.2683,12.0653,6.2091,anon-host,AMD Instinct MI300X,gfx942,MI300X,30,5,20260527_192549,rate,16,,,,,,8.9034e-07,3.0036e-08,115.41,5.0258e-05,1.7715e-02,vianden_FULL_CHUNKOPT_20260527_192549
zfp,xlarge_TTI_4096.bin,4294967296,4096.0,65536,1.33,48.76,58.50,88.077,73.422,236.754,0.000,324.831,88.077480,2.2191,4.3955,4.4531,5.9625,anon-host,AMD Instinct MI300X,gfx942,MI300X,30,5,20260527_192549,rate,24,,,,,,3.6016e-09,1.1952e-10,163.42,2.0330e-07,1.7715e-02,vianden_FULL_CHUNKOPT_20260527_192549
zfp,xlarge_TTI_4096.bin,4294967296,4096.0,65536,8.00,225.33,212.18,19.061,20.242,251.641,0.000,270.702,19.060679,2.1723,52.6257,0.1864,10.8585,anon-host,AMD Instinct MI300X,gfx942,MI300X,30,5,20260527_192549,rate,4,,,,,,3.1516e-03,1.0088e-04,44.89,1.7790e-01,1.7715e-02,vianden_FULL_CHUNKOPT_20260527_192549
zfp,xlarge_TTI_4096.bin,4294967296,4096.0,65536,4.00,132.76,136.34,32.351,31.503,425.566,0.000,457.917,32.350678,0.9155,26.7674,0.2226,11.5640,anon-host,AMD Instinct MI300X,gfx942,MI300X,30,5,20260527_192549,rate,8,,,,,,2.1502e-04,7.2055e-06,67.81,1.2137e-02,1.7715e-02,vianden_FULL_CHUNKOPT_20260527_192549
cascaded,medium_zeros_100.bin,104857600,100.0,65536,85.33,415.07,222.83,0.253,0.471,2.005,0.023,2.281,0.000020,1.2249,0.7820,0.0007,0.0017,anon-host,AMD Instinct MI300X,gfx942,MI300X,30,5,20260527_192549,adaptive,,13.911,10.042,79691776,79691776,2,,,,,,vianden_FULL_CHUNKOPT_20260527_192549
cascaded,medium_zeros_100.bin,104857600,100.0,65536,85.33,415.42,222.94,0.252,0.470,47.959,0.562,48.773,0.000020,1.3752,0.4552,0.0008,0.0010,anon-host,AMD Instinct MI300X,gfx942,MI300X,30,5,20260527_192549,baseline,,0.000,0.000,0,0,0,,,,,,vianden_FULL_CHUNKOPT_20260527_192549
cascaded,medium_zeros_100.bin,104857600,100.0,65536,85.33,414.98,222.91,0.253,0.470,1.980,0.023,2.256,0.000020,1.1996,0.6650,0.0007,0.0014,anon-host,AMD Instinct MI300X,gfx942,MI300X,30,5,20260527_192549,pinned,,18.093,13.994,104857600,0,0,,,,,,vianden_FULL_CHUNKOPT_20260527_192549
lz4,medium_zeros_100.bin,104857600,100.0,65536,190.51,524.62,1361.04,0.200,0.077,1.953,0.010,2.163,0.000016,6.9891,56.8828,0.0026,0.0033,anon-host,AMD Instinct MI300X,gfx942,MI300X,30,5,20260527_192549,adaptive,,14.250,10.109,79691776,79691776,2,,,,,,vianden_FULL_CHUNKOPT_20260527_192549
lz4,medium_zeros_100.bin,104857600,100.0,65536,190.51,522.21,1401.87,0.201,0.075,47.036,0.247,47.484,0.000016,7.8698,47.7377,0.0032,0.0031,anon-host,AMD Instinct MI300X,gfx942,MI300X,30,5,20260527_192549,baseline,,0.000,0.000,0,0,0,,,,,,vianden_FULL_CHUNKOPT_20260527_192549
lz4,medium_zeros_100.bin,104857600,100.0,65536,190.51,523.32,1402.37,0.200,0.075,1.946,0.010,2.157,0.000016,6.7214,29.7525,0.0025,0.0017,anon-host,AMD Instinct MI300X,gfx942,MI300X,30,5,20260527_192549,pinned,,20.488,14.605,104857600,0,0,,,,,,vianden_FULL_CHUNKOPT_20260527_192549
snappy,medium_zeros_100.bin,104857600,100.0,65536,21.11,68.00,222.39,1.542,0.472,1.961,0.093,3.596,0.000120,9.3932,1.9243,0.6293,0.0041,anon-host,AMD Instinct MI300X,gfx942,MI300X,30,5,20260527_192549,adaptive,,14.062,9.891,79691776,79691776,2,,,,,,vianden_FULL_CHUNKOPT_20260527_192549
snappy,medium_zeros_100.bin,104857600,100.0,65536,21.11,73.60,222.44,1.425,0.471,48.292,2.287,52.004,0.000111,0.3167,2.0755,0.0062,0.0044,anon-host,AMD Instinct MI300X,gfx942,MI300X,30,5,20260527_192549,baseline,,0.000,0.000,0,0,0,,,,,,vianden_FULL_CHUNKOPT_20260527_192549
snappy,medium_zeros_100.bin,104857600,100.0,65536,21.11,73.55,222.29,1.426,0.472,1.967,0.093,3.486,0.000111,0.2641,1.9659,0.0051,0.0042,anon-host,AMD Instinct MI300X,gfx942,MI300X,30,5,20260527_192549,pinned,,18.421,14.227,104857600,0,0,,,,,,vianden_FULL_CHUNKOPT_20260527_192549
cascaded,small_zeros_10.bin,10485760,10.0,65536,85.33,238.77,109.50,0.044,0.096,0.561,0.007,0.611,0.000034,16.2452,6.5339,0.0043,0.0079,anon-host,AMD Instinct MI300X,gfx942,MI300X,30,5,20260527_192549,adaptive,,2.168,1.857,10485760,10485760,1,,,,,,vianden_FULL_CHUNKOPT_20260527_192549
cascaded,small_zeros_10.bin,10485760,10.0,65536,85.33,232.95,111.07,0.045,0.094,8.345,0.098,8.488,0.000035,26.3777,2.3362,0.0112,0.0020,anon-host,AMD Instinct MI300X,gfx942,MI300X,30,5,20260527_192549,baseline,,0.000,0.000,0,0,0,,,,,,vianden_FULL_CHUNKOPT_20260527_192549
cascaded,small_zeros_10.bin,10485760,10.0,65536,85.33,244.12,113.55,0.043,0.092,0.241,0.003,0.286,0.000034,6.0502,1.3445,0.0012,0.0011,anon-host,AMD Instinct MI300X,gfx942,MI300X,30,5,20260527_192549,pinned,,1.530,1.125,10485760,0,0,,,,,,vianden_FULL_CHUNKOPT_20260527_192549
lz4,small_zeros_10.bin,10485760,10.0,65536,190.51,183.65,431.59,0.057,0.024,0.583,0.003,0.644,0.000045,7.8767,77.0435,0.0030,0.0139,anon-host,AMD Instinct MI300X,gfx942,MI300X,30,5,20260527_192549,adaptive,,2.718,1.903,10485760,10485760,1,,,,,,vianden_FULL_CHUNKOPT_20260527_192549
lz4,small_zeros_10.bin,10485760,10.0,65536,190.51,184.86,498.53,0.057,0.021,6.128,0.032,6.217,0.000044,5.9674,25.7139,0.0020,0.0013,anon-host,AMD Instinct MI300X,gfx942,MI300X,30,5,20260527_192549,baseline,,0.000,0.000,0,0,0,,,,,,vianden_FULL_CHUNKOPT_20260527_192549
lz4,small_zeros_10.bin,10485760,10.0,65536,190.51,185.14,512.73,0.057,0.020,0.252,0.001,0.310,0.000044,5.4295,17.5388,0.0017,0.0008,anon-host,AMD Instinct MI300X,gfx942,MI300X,30,5,20260527_192549,pinned,,1.511,1.124,10485760,0,0,,,,,,vianden_FULL_CHUNKOPT_20260527_192549
snappy,small_zeros_10.bin,10485760,10.0,65536,21.11,51.51,120.60,0.204,0.087,0.247,0.012,0.462,0.000159,0.5681,1.4051,0.0023,0.0010,anon-host,AMD Instinct MI300X,gfx942,MI300X,30,5,20260527_192549,adaptive,,1.541,1.107,10485760,10485760,1,,,,,,vianden_FULL_CHUNKOPT_20260527_192549
snappy,small_zeros_10.bin,10485760,10.0,65536,21.11,51.41,119.96,0.204,0.087,5.993,0.284,6.481,0.000159,0.7791,2.6203,0.0032,0.0020,anon-host,AMD Instinct MI300X,gfx942,MI300X,30,5,20260527_192549,baseline,,0.000,0.000,0,0,0,,,,,,vianden_FULL_CHUNKOPT_20260527_192549
snappy,small_zeros_10.bin,10485760,10.0,65536,21.11,51.28,116.60,0.204,0.090,0.592,0.028,0.824,0.000160,0.8367,11.5868,0.0035,0.0174,anon-host,AMD Instinct MI300X,gfx942,MI300X,30,5,20260527_192549,pinned,,2.614,1.970,10485760,0,0,,,,,,vianden_FULL_CHUNKOPT_20260527_192549
cascaded,large_zeros_1024.bin,1073741824,1024.0,65536,85.33,393.66,232.46,2.728,4.619,20.449,0.240,23.417,0.000021,0.4852,1.6203,0.0034,0.0333,anon-host,AMD Instinct MI300X,gfx942,MI300X,30,5,20260527_192549,adaptive,,14.047,80.329,79691776,79691776,14,,,,,,vianden_FULL_CHUNKOPT_20260527_192549
cascaded,large_zeros_1024.bin,1073741824,1024.0,65536,85.33,393.29,232.67,2.730,4.615,513.074,6.013,521.817,0.000021,0.5416,0.3345,0.0038,0.0066,anon-host,AMD Instinct MI300X,gfx942,MI300X,30,5,20260527_192549,baseline,,0.000,0.000,0,0,0,,,,,,vianden_FULL_CHUNKOPT_20260527_192549
cascaded,large_zeros_1024.bin,1073741824,1024.0,65536,85.33,393.71,231.56,2.727,4.637,21.745,0.255,24.727,0.000021,0.2783,3.3243,0.0019,0.0695,anon-host,AMD Instinct MI300X,gfx942,MI300X,30,5,20260527_192549,pinned,,190.939,270.352,1073741824,0,0,,,,,,vianden_FULL_CHUNKOPT_20260527_192549
lz4,large_zeros_1024.bin,1073741824,1024.0,65536,190.51,598.99,1575.59,1.793,0.681,21.665,0.114,23.571,0.000014,2.7781,4.8735,0.0083,0.0021,anon-host,AMD Instinct MI300X,gfx942,MI300X,30,5,20260527_192549,adaptive,,13.865,80.374,79691776,79691776,14,,,,,,vianden_FULL_CHUNKOPT_20260527_192549
lz4,large_zeros_1024.bin,1073741824,1024.0,65536,190.51,596.67,1572.87,1.800,0.683,559.249,2.936,563.984,0.000014,7.6528,25.7061,0.0243,0.0109,anon-host,AMD Instinct MI300X,gfx942,MI300X,30,5,20260527_192549,baseline,,0.000,0.000,0,0,0,,,,,,vianden_FULL_CHUNKOPT_20260527_192549
lz4,large_zeros_1024.bin,1073741824,1024.0,65536,190.51,599.15,1562.79,1.792,0.687,20.443,0.107,22.342,0.000014,4.3087,16.8301,0.0130,0.0077,anon-host,AMD Instinct MI300X,gfx942,MI300X,30,5,20260527_192549,pinned,,192.364,329.909,1073741824,0,0,,,,,,vianden_FULL_CHUNKOPT_20260527_192549
snappy,large_zeros_1024.bin,1073741824,1024.0,65536,21.11,72.98,237.09,14.712,4.529,23.911,1.132,39.755,0.000112,0.0383,6.4993,0.0077,0.1443,anon-host,AMD Instinct MI300X,gfx942,MI300X,30,5,20260527_192549,adaptive,,13.988,79.401,79691776,79691776,14,,,,,,vianden_FULL_CHUNKOPT_20260527_192549
snappy,large_zeros_1024.bin,1073741824,1024.0,65536,21.11,72.99,238.73,14.711,4.498,574.104,27.191,616.006,0.000112,0.0373,0.6542,0.0075,0.0123,anon-host,AMD Instinct MI300X,gfx942,MI300X,30,5,20260527_192549,baseline,,0.000,0.000,0,0,0,,,,,,vianden_FULL_CHUNKOPT_20260527_192549
snappy,large_zeros_1024.bin,1073741824,1024.0,65536,21.11,72.99,237.43,14.711,4.522,20.539,0.973,36.223,0.000112,0.0461,6.2244,0.0093,0.1368,anon-host,AMD Instinct MI300X,gfx942,MI300X,30,5,20260527_192549,pinned,,192.498,153.802,1073741824,0,0,,,,,,vianden_FULL_CHUNKOPT_20260527_192549
cascaded,xlarge_zeros_4096.bin,4294967296,4096.0,65536,85.33,395.92,227.68,10.848,18.864,95.603,1.120,107.572,0.000021,0.2204,7.3634,0.0060,0.7309,anon-host,AMD Instinct MI300X,gfx942,MI300X,30,5,20260527_192549,adaptive,,14.047,327.927,79691776,79691776,54,,,,,,vianden_FULL_CHUNKOPT_20260527_192549
cascaded,xlarge_zeros_4096.bin,4294967296,4096.0,65536,85.33,396.01,229.38,10.845,18.724,2878.042,33.727,2922.615,0.000021,0.1773,0.9560,0.0049,0.0774,anon-host,AMD Instinct MI300X,gfx942,MI300X,30,5,20260527_192549,baseline,,0.000,0.000,0,0,0,,,,,,vianden_FULL_CHUNKOPT_20260527_192549
cascaded,xlarge_zeros_4096.bin,4294967296,4096.0,65536,85.33,395.86,230.22,10.850,18.656,79.022,0.926,90.797,0.000021,0.1064,1.1513,0.0029,0.0929,anon-host,AMD Instinct MI300X,gfx942,MI300X,30,5,20260527_192549,pinned,,769.278,1033.204,4294967296,0,0,,,,,,vianden_FULL_CHUNKOPT_20260527_192549
lz4,xlarge_zeros_4096.bin,4294967296,4096.0,65536,190.51,571.53,1765.83,7.515,2.432,95.603,0.502,103.619,0.000014,2.3098,26.2456,0.0304,0.0361,anon-host,AMD Instinct MI300X,gfx942,MI300X,30,5,20260527_192549,adaptive,,14.240,323.410,79691776,79691776,54,,,,,,vianden_FULL_CHUNKOPT_20260527_192549
lz4,xlarge_zeros_4096.bin,4294967296,4096.0,65536,190.51,544.91,1772.87,7.882,2.423,3092.900,16.235,3117.017,0.000015,61.4421,27.4344,2.0045,0.0374,anon-host,AMD Instinct MI300X,gfx942,MI300X,30,5,20260527_192549,baseline,,0.000,0.000,0,0,0,,,,,,vianden_FULL_CHUNKOPT_20260527_192549
lz4,xlarge_zeros_4096.bin,4294967296,4096.0,65536,190.51,572.29,1775.07,7.505,2.420,79.114,0.415,87.034,0.000014,2.4014,26.4377,0.0314,0.0359,anon-host,AMD Instinct MI300X,gfx942,MI300X,30,5,20260527_192549,pinned,,782.691,1309.055,4294967296,0,0,,,,,,vianden_FULL_CHUNKOPT_20260527_192549
snappy,xlarge_zeros_4096.bin,4294967296,4096.0,65536,21.11,73.41,232.97,58.505,18.436,95.609,4.528,158.642,0.000112,0.0254,0.6283,0.0202,0.0497,anon-host,AMD Instinct MI300X,gfx942,MI300X,30,5,20260527_192549,adaptive,,14.262,330.769,79691776,79691776,54,,,,,,vianden_FULL_CHUNKOPT_20260527_192549
snappy,xlarge_zeros_4096.bin,4294967296,4096.0,65536,21.11,73.13,233.03,58.727,18.431,2387.792,113.094,2559.613,0.000112,1.2871,0.3783,1.1372,0.0299,anon-host,AMD Instinct MI300X,gfx942,MI300X,30,5,20260527_192549,baseline,,0.000,0.000,0,0,0,,,,,,vianden_FULL_CHUNKOPT_20260527_192549
snappy,xlarge_zeros_4096.bin,4294967296,4096.0,65536,21.11,73.01,232.71,58.824,18.456,79.183,3.750,141.758,0.000112,1.8124,0.4696,1.6751,0.0372,anon-host,AMD Instinct MI300X,gfx942,MI300X,30,5,20260527_192549,pinned,,768.000,913.249,4294967296,0,0,,,,,,vianden_FULL_CHUNKOPT_20260527_192549
